text,label,note
"Back to the oldskool

So I've gone back to oldskool training, known these days as ""the bro split""...a term I hate, as it seems to be intended in a derogatory manner when inherently there's nothing wrong with it from a muscle growth perspective. It's a style of training me and all my gym ""bros"" had done for years, it's all we knew and we all got to our biggest using this method.

I've been off training for a long time, since COVID, and just been back the past year or so. I had it laid out in my mind I needed to find a training plan, one that worked with my work so I could get back into it properly. I had heard of the push / pull split, it seemed ideal that I could work it out I would train all parts twice a week and go hard at weekend training all parts in a weekend which didn't matter if I missed midweek training so much due to work.

Roll forward and to be fair I've barely missed a day of training, in back dedicated and I always make time. My observations of the push / pull split is that body parts didn't seem to recover well, a lot of joint problems and generally not feeling ""up for it"" from session to session. I had early muscle memory and it seemed good, but for the first time in my life I've been firmly plateaued for months.

I'm not hating on it, but I have to say I haven't been impressed or very much enjoying my training. I don't think it suits my age, I don't know if it's a problem I'm overloading my central nervous system but it felt like overtraining issues.

Back to the single body part per session, rotating through the week I am really enjoying.

It's early days but body parts feel fully refreshed in-between working them out, I've really enjoyed my sessions again and I feel more energised. I think it just suits me better, attack the same muscle group to the max and let it recover fully...not squeezing the biceps / triceps at the end of a session, not putting extra stress on stressed joints. I've even bagged a few new PR's in parts I haven't for some time, and I can feel the workout on the correct muscle group by the end of the session.

Now I wanted to make this post as I feel there's a lot of BS in the industry, mostly from so called influencers...how many times I've heard ""if you wanna stay small forever then stop doing the bro split"". Normally coming from someone who I wouldn't exchange bodies with for all the money in the world. Just don't be out off by these guys, if you know something works for you - go for it, ignore what they say. This works for me and I'm so glad I'm back at it, enjoying myself again.

It's early days to say if it will convert to results at the gym, but I have 10 years or more of previous that it absolutely does work for me. And to be fair, I'm also super lean as I also diet as well as lift hard - which is definitely going to be having an effect on my growth...so that could fix itself when I'm bulking up again. But I absolutely do welcome the pain free joints, the focused and enjoyable training sessions again.",sharing,cold; source: https://www.reddit.com/r/workout/comments/1wwypah/back_to_the_oldskool/
"Do you reset your lifting numbers after realising you've been cheating the reps?

Been going three times a week for four months. My dumbbell curls went from 8kg for 10 reps to 12kg for 12, and that was one of the numbers I was pretty proud of.

Finally recorded a set from the side last week. By rep four I'm rocking backwards, throwing my hips forward and barely lowering the dumbbells. Didn't look anything like what I thought I was doing.

Went back to 8kg yesterday and kept the movement controlled. Ten reps were plenty.

How do you handle this in your log? Keep the old entries with a note, or start tracking strict curls separately? I don't want the old record nudging me back towards 12kg before I'm ready.

I know this is mostly an ego thing, but seeing a graph drop back to where I started feels weird when I'm actually trying to improve.",help_request,cold; source: https://www.reddit.com/r/workout/comments/1wwxxi6/do_you_reset_your_lifting_numbers_after_realising/
"Can my dad and I follow the same beginner routine?

My dad is 62 and I am 30. We both got cleared to exercise and started doing the same simple full-body workout twice a week. We use very different weights, but keeping the exercise order identical makes it easy to train together.

He usually stops with about three reps left, while I stop closer to one or two. We rest as long as needed and neither of us has pain. Our goal is general strength and building a habit, not competing.

My dad tracks every completed set on paper and draws a terrible little star beside any exercise where he adds weight. I would hate to make our sessions seperate unless there is a real reason.

Can older and younger beginners use the same movements, set ranges and schedule if load and effort are adjusted individually? Or should age alone change the program alot more than we currently do?",help_request,cold; source: https://www.reddit.com/r/workout/comments/1wwxlpl/can_my_dad_and_i_follow_the_same_beginner_routine/
"When do I increase weight?

Six weeks into lifting. My trainer gave me three sets of 8 to 12 on the chest press, but I forgot to ask what makes it time to increase the weight.

Last session:

12 reps

10 reps

8 reps

I rest two minutes between sets and keep the movement the same. Do I need all three sets at 12, or does reaching 12 on the first one count? I dont want to rush it, just understand what progess should look like.",help_request,cold; source: https://www.reddit.com/r/workout/comments/1wwx7r9/when_do_i_increase_weight/
"Its been a year and I barely sed any progress.

Its been a year and I barely see any progress.

I am 185 cm and was very very skinny when I started. I was 50 kg. Now I'm 70 kg still skinny but better. So whars the problem you might say. Well I did get bigger but I see little progression when it comes to flexing muscles. My biceps are very small still smaller then my friends who dont workouy. I feel barely any muscle on my pecs too. I do get stronger I progress with the weights using the 8-12 reps rule and I'm certain my form is right too. I feel like giving up at this point.",help_request,cold; source: https://www.reddit.com/r/workout/comments/1wwwnn4/its_been_a_year_and_i_barely_sed_any_progress/
"Anecdote

This happened to me years ago at my local gym (a municipal one)—I don't know if it's because I have a ""dumbass"" face or what. I wanted to do some pull-ups, so I went over to the multi-station area—you know, the kind with a pull-up bar at the top and two pulleys on either side for things like lat pulldowns. There was a guy there using the pulleys, doing a superset, and the conversation went like this:

- Can I share with you?

- No

(I’m taken aback by the look on her face and her serious demeanor.)

- Can't you see I'm doing supersets?

- I only asked you.

- And I’ve only answered you. There are a lot of machines at the gym, and I'm using this one.

(I freeze up again and sit on a bench across the way; I sit down and start fiddling with the cap of my water bottle, my head bowed.)

And then, when the guy was already two sets in—I don't know if he had a sudden realization or what—he says to me, ""I think I can do this somewhere else; go ahead... if you want.""

So then I started—though reluctantly; I don't know quite how to explain it, but it was as if I felt so humiliated that I didn't know how to react when it came to actually doing the exercise. To draw a parallel, it’s like going to a restaurant and looking up at the menu board, and the waiter snaps at you: ""Are you going to order something or not?""",sharing,cold; source: https://www.reddit.com/r/workout/comments/1www7mg/anecdote/
"Best exercise for skinny fat to get abs

I have tried running for two months straight daily at 20 mins. I am still unable to get rid of this stomach fat. I have started doing planks but can't hold longer than 1 min 40 seconds. But I am improving with time. Can someone please guide me what needs to be done",help_request,cold; source: https://www.reddit.com/r/workout/comments/1www3zo/best_exercise_for_skinny_fat_to_get_abs/
"Do i really have to eat meat to have good muscles and nice lean abs?

I dont eat meat except for can tuna.
For my protein i mainly use can tuna and protein powder or bread that contains decent amount of protein and im a 14 year old girl that have been working out for atleast a year a few months i only have like a 4 pack but the lines between them arent that good and i also do workout my upper body too.

I really do wish to make my ab lines more visible.
Thank you!",help_request,cold; source: https://www.reddit.com/r/workout/comments/1wwvugw/do_i_really_have_to_eat_meat_to_have_good_muscles/
"I need help since im starting a new split

Im starting to do a PPL/UL split and I need advice on what to change if there is any and just overall corrections anything helps !!

PPL/UL

MONDAY — PUSH

- Incline Smith Press — 3 × 6–10

- Pec Deck / Cable Fly — 3 × 8–12

- Machine Shoulder Press — 3 × 8–12

- Cable Lateral Raise — 3 × 8–12

- V-Bar Tricep Pushdown — 3 × 10–12

- Tricep Pushdown — 3 × 10–12

TUESDAY — PULL

- Straight-Bar Lat Pulldown — 3 × 8–10

- T-Bar Row — 3 × 8–12

- Single-Arm Seated Row — 3 × 8–12

- Rear-Delt Cable Fly — 3 × 12

- EZ-Bar Curl — 3 × 8–12

- Incline Dumbbell Curl — 3 × 8–12

- Cable Wrist Curl — 3 × Failure

- Cable Reverse Wrist Curl — 3 × Failure

WEDNESDAY — LEGS

- Leg Press — 3 × 8–12

- RDL — 3 × 8–10

- Hamstring Curl — 3 × Failure

- Leg Extension — 3 × Failure

- Hip Abduction — 3 × 12

- Abs — 3 sets

THURSDAY — REST

FRIDAY — UPPER

- Incline Smith Press — 3 × 6–10

- Straight-Bar Lat Pulldown — 3 × 8–10

- T-Bar Row — 3 × 8–12

- Single-Arm Seated Row — 3 × 8–12

- Machine Shoulder Press — 2 × 8–12

- Cable Lateral Raise — 3 × 12

- EZ-Bar Curl — 3 × 8–12

- Incline Dumbbell Curl — 3 × 8–12

- Single-Arm Tricep Pushdown — 3 × Failure

SATURDAY — LOWER

- Leg Press — 3 × 10–15

- RDL — 3 × 8–10

- Hamstring Curl — 3 × Failure

- Leg Extension — 3 × Failure

- Hip Abduction — 3 × Failure

- Abs — 3 sets

SUNDAY — REST",help_request,cold; source: https://www.reddit.com/r/workout/comments/1wwuuqm/i_need_help_since_im_starting_a_new_split/
"Gym progress and scared to eat

So I'm now six months into working out, With first three months focused on body weight exercises and Calorie deficit and the last 3 months in the gym trying to build muscle.

Starting weight was 72kg which I got down to 64kg in 3 months, I've progressed with my exercises in the gym a little each week over the last 3 months whether it be reps or slightly more weight but I feel my body still looks the same in the mirror as it did 3 months ago.

I'm currently eating around 3000 calories a day and I'm to scared to eat more in case I put all the fat back on I worked so hard to lose, I'm also never sore after a workout, is that an indication that I'm not pushing hard enough?",help_request,cold; source: https://www.reddit.com/r/workout/comments/1wwugiw/gym_progress_and_scared_to_eat/
"What’s more important frequency or sets per muscle per week?

189cm 72kg 2 months lifting experience

I started the gym 2 months ago and I ran a PPLPPLR for a bit then changed to ULRULRR then to RURLPPL which is what I have now. My rest days are weird but it’s what fits me best with other sports. I’ve just been wondering what’s more important getting more sets per week or frequency because someone could do 3 upper body days with only 6 sets of a muscle per week but someone could train each muscle twice a week and get more sets per week. I’m really confused please help. Also is my split fine RURLPPL.

My current split (I don’t really care about legs) - I workout in my home gym which is why exercise selection is picky.

Upper

- DB Flat Press: 2x6-15

- Lat Pulldown: 2x6-10

- Smith Incline Press: 2x6-10

- Seated Cable Row: 2x8-12

- Seated DB Shoulder Press: 2x6-10

- Lat Raises: 3x12-20

- Face Pulls: 2x12-15

- *Cable Preacher Curl *: 2x8-12

- Tricep Pushdown: 2x10-15

- *Incline Hammer Curl 30 *: 2x10-12

- Overhead Tricep Ext: 2x10-15

Push

- DB Press - 3x6-12

- Smith Incline Press - 2x6-10

- High to Low cable fly - 2x10-15

- DB Shoulder Press - 3x8-12

- DB Lateral Raise - 4x12-20

- Cable Tricep Pushdown 3x10-15

- Tricep Overhead Extension 2x10-15

Pull

- Lat Pulldown - 3x8-12

- T-Bar Row - 3x8-12 -

- Seated Cable Row - 3x8-12

- Face Pull - 4x12-20

- Cable Preacher Curl - 3x8-12

- Incline Hammer Curl - 2x10-15

Lower

- Smith Squat: 3x6-10

- DB RDLl: 3x12-15|

- Leg ext 2x12-15

- Adductor Fly 2x12-15

- Calf raises 4x12-15",help_request,cold; source: https://www.reddit.com/r/workout/comments/1wwtv4l/whats_more_important_frequency_or_sets_per_muscle/
"Routine, and how to figure out whats best?

Hey! I have been going to the gym somewhat consistently from Feb, I've lost some weight, 112kg to 98kg following the basic fit app weightloss routine. I was wondering if i should switch to a PPL with u/L (/u/L) altering btw the weeks. Plan to only go to the gym 4 times a week. If this would be a good idea, as i want to continue to lose weight but also build muscles. What sorts of excersices should i try do? Any recommendations? Should i do PPL? Or just UL? Or something else?",help_request,cold; source: https://www.reddit.com/r/workout/comments/1wwtt9m/routine_and_how_to_figure_out_whats_best/
Tell me something I don't know about Arnold Schwarzenegger.,discussion_prompt,cold; source: https://www.reddit.com/r/workout/comments/1wwsxqb/tell_me_something_i_dont_know_about_arnold/
"Which gym split do you recommend me?

- Male

- 25

- 181cm

- 67kg

I want to get bigger and stronger, as well as to improve my athleticism. In particular, I would like to be able to dunk. However, I sometimes get overwhelmed with the amount of different gym splits I can do...

I have been consistently going to the gym for 1-1.5 years. I have tried 3 days PPL but I felt I could do more. I have also tried 6 days PPL and I noticed some improvement, but right now I'm on a 5 day PPLUL, because I feel 6 days is way too much. I have also tried 4 days UL, but I wanted to give more work to my upper body, specially my back, so I quit it.

With my current split (5 days PPLUL) I have seen some results, but sometimes I skip some days, or rest 2 consecutive days instead of 1 because I need to recover or I have stuff to do, which is why I'm considering switching my split.

What has worked for you? What do you think is the best split for my goals (gaining muscle + dunk)?

Thanks!",help_request,cold; source: https://www.reddit.com/r/workout/comments/1wwsxla/which_gym_split_do_you_recommend_me/
"What are the signs someone uses steroids?

Curious",discussion_prompt,cold; source: https://www.reddit.com/r/workout/comments/1wwsihu/what_are_the_signs_someone_uses_steroids/
"Single arm reverse cable fly or Archer pulls for rear delts: what is the difference? Which one do you prefer more and why?

I haven't seen any comparison between these 2 exercises for rear delts. I just started with reverse cable fly, feels great. Just a bit curious about archer pulls because these 2 are usually praised as some of the best rear delt exercises. Like are there any anatomical difference and stuff. I used to try archer pulls a few months ago but I feel a lot on my triceps, so I guess I must've done sth wrong with it? Which one do you prefer more and why?",discussion_prompt,cold; source: https://www.reddit.com/r/workout/comments/1wwsh3h/single_arm_reverse_cable_fly_or_archer_pulls_for/
"Free Workout Tracker

Hey Everyone!

Anyone looking for a workout tracker that does NOT hit you with paywalls or subscriptions

Use the below link to the ELYTX App

https://elytx.ie/AppRedirectIOS.php

Disclaimer, I did develop it and there is a shop if you want to browse some new gym fits :) but not required.

With the app, you have access to advanced metrics and stats, including a built in game where you can compete against friends download the ELYTX app for free now (https://elytx.ie/AppRedirectIOS..ie)",sharing,cold; source: https://www.reddit.com/r/workout/comments/1wws2qt/free_workout_tracker/
"New muscle exploration

I work out at home and just found a new exercise, lying DB reverse fly. It’s for rear deltoids. It’s a beautiful exercise with a long range of motion and did it slowly with an easy DB. My rear delts started burning already during the exercise and they still burn. I guess I haven’t given it tension before and it feels great.
Just wanted to share.
I guess “finding” a new muscle and working it feels awesome.",sharing,cold; source: https://www.reddit.com/r/workout/comments/1wwrzwq/new_muscle_exploration/
"Does a powerlifting coach need an elite total to coach elite lifters?

I see this debate a lot in strength sports.

Some people won’t take a powerlifting coach seriously unless that coach is extremely strong themselves.

I understand why. If you’re coaching the squat, bench and deadlift, you should obviously understand the lifts, train them yourself and know what heavy weight actually feels like.

But I don’t think being the strongest person in the room automatically makes you the best coach.

Programming, fatigue management, technique, meet prep, knowing when to push and when to back off, and being able to read the athlete all matter too.

A coach might never have totaled at an elite level themselves but still be extremely good at identifying weaknesses, adjusting training and getting stronger athletes to perform better.

At the same time, I do think there has to be some level of experience. I probably wouldn’t want someone coaching powerlifting who has barely trained the lifts themselves.

So where do you draw the line?

Would you rather have a coach with an average personal total but years of successful athletes, or an elite lifter who is still relatively new to coaching?

To me, being strong gives you credibility, but producing strong athletes proves you can coach.",discussion_prompt,cold; source: https://www.reddit.com/r/workout/comments/1wwrpni/does_a_powerlifting_coach_need_an_elite_total_to/
"Anyone else ever been told “you dont look like you workout”?

Im a 35 year old man and Ive been working out for the better part of 8 years. Every once in a while I get told (always by non lifters) “you dont even look like you workout”. Now while Im not necessarily happy with my progress, I think im generally more fit than the average person.

I know I might be alone on this, but I genuinely think people are unaware of the discipline it takes to make linear upward progress in the gym while living a normal family life with a 9-5, especially when you’re well into your 30s. Admittedly, my discipline varies a lot from month to month because of different life events but I always try my best to show up and maintain a fit lifestyle.

Has anyone else been in similar situations?",discussion_prompt,cold; source: https://www.reddit.com/r/workout/comments/1wwrhe9/anyone_else_ever_been_told_you_dont_look_like_you/
"Workout Frequency

I am an electrician working roughly 50-60 hours a week on top of another 5-10 hours of school + homework. Occasionally I do carpentry on the side as well.
I used to be much more in the gym and workout a lot more than I do, back then 4-5 times a week but now probably 1-2 times a month. I do want to start being more consistent but I am already lacking in free time as of now.. I was thinking that I could go once a week for a full body workout.

Would I eventually begin to gain muscle from this or just stay as is?",help_request,cold; source: https://www.reddit.com/r/workout/comments/1wwqgy8/workout_frequency/
"Any advice on how to log my workouts?

I’m weight lifting consistently and I am having a hard time finding the best way to log my workouts besides a notebook. What app are you guys using/like the best? If you’ve tried others which ones didn’t you like?
Not trying to waste my time downloading them all,you guys are the experts",help_request,pre-labelled by Codex; checked by Scott; source: https://www.reddit.com/r/workout/comments/1wwqa17/any_advice_on_how_to_log_my_workouts/
"Home dumbell workout as a newbie

I want to start my fitness journey from home only ...so can anyone advice me what weight of dumbells I should order and how to workout with them

I weigh 55kg

Thankyou to all readers for your time",help_request,pre-labelled by Codex; checked by Scott; source: https://www.reddit.com/r/workout/comments/1wwpvwe/home_dumbell_workout_as_a_newbie/
"Grew my triceps bigger than I intended

I wanted slimmer looking arms, but I think I accidentally did the opposite.. I assumed training my triceps more would make my arms look leaner, but instead I ended up growing them more than I wanted

I have been doing JM presses overhead tricep extensions and pressdowms pretty consistently

If my goal now is to reduce the size of my triceps should I stop directly training them altogether for a while? Or just significantly reduce my tricep volume?",help_request,pre-labelled by Codex; checked by Scott; source: https://www.reddit.com/r/workout/comments/1wwpu1n/grew_my_triceps_bigger_than_i_intended/
"Is this a dumb way to set up my Sets?

Hey everyone!

I have this system of doing sets for my workouts, and I’m unsure if this is a bad way of working out. I typically do 4 sets per each exercise for my PPL days, with the first one being a warm up set typically. For example if I’m doing a overhead press, this is how I do my sets:

1st Set (Warmup): 20lbs x 15
2nd set (Halfway set): 40lbs x 15
3rd set (PR?): 90lbs x 6
4th set (I try to do my PR again or either go slightly lower or higher depending on how the last set goes). So like : 90 x 6, or 100 x 3 or 80x 8 (or something like that).

Is this a bad way of doing my sets? It seems to be working so far, but not sure if it is counterintuitive. Any advice would be greatly appreciated! Thanks :)",help_request,pre-labelled by Codex; checked by Scott; source: https://www.reddit.com/r/workout/comments/1wwpmyk/is_this_a_dumb_way_to_set_up_my_sets/
"Looking for tips on weight gain while keeping body fat percentage low.

I am a 31 year old male trying to get back up to being 5’8”, 185-190lbs. I believe my current weight and body fat percentage according to my “smart” scale are 170lbs and 14.4%. The last DEXA I did slotted me at 22-23%, I think? Just looking to see how I can gain weight once again while keeping the body fat percentage side low. Any tips that aren’t steroids and the like are fine. Open to dietary advice or training advice.",help_request,pre-labelled by Codex; checked by Scott; source: https://www.reddit.com/r/workout/comments/1wwp19l/looking_for_tips_on_weight_gain_while_keeping/
"How do you start going to the gym?

I've never been sporty at all, and I've started seeing signs of weight gain (specifically belly fat which feels embarrassing (ーー;) ) but I really want to change and start exercising, but I dont really know how... Like what do I do at the gym? Do just just show up and do every machine, how do I know I've done enough of this or that, what to do, when to go, and what to change in my lifestyle?? Genuinely have no clue...",help_request,pre-labelled by Codex; checked by Scott; source: https://www.reddit.com/r/workout/comments/1wwoxr7/how_do_you_start_going_to_the_gym/
"Puori alternative

I’ve been taking Puori pasture raised whey protein bourbon vanilla and love it.
No pesticides or hormones. Clean label. So smooth and No bad after taste. You don’t notice it at all when mixed into oatmeal or shakes.
It’s the clean taste I’m after.
Problem is the cost. It’s $79. I’d like to find something similar for less $ but afraid to try and waste money.
Would Transparent Labs compare?",help_request,pre-labelled by Codex; checked by Scott; source: https://www.reddit.com/r/workout/comments/1wwou3w/puori_alternative/
"Leg Day Today

Anybody wanna go do leg day today with me? Around Tulsa",discussion_prompt,pre-labelled by Codex; checked by Scott; hard case; source: https://www.reddit.com/r/workout/comments/1wwotnz/leg_day_today/
"I am 16 and benched 135 kgs

ok lol, now that you are here please tell me if my wokout plan is lookin good for aesthetic physique and hypertrophy

Mon: Rest

Tues: Full body

Wed: Rest

Thurs: Upper

Friday: Lower

Satur: Upper

Sun: Lower

The thing is i cant go to gym on monday and wednesday and before that I used to do PPL 2x/week. I am going to gym since 4 months now and need to build muscles.",help_request,pre-labelled by Codex; checked by Scott; source: https://www.reddit.com/r/workout/comments/1wwod6u/i_am_16_and_benched_135_kgs/
"Before You Become Your Regret

You didn’t lose those days—you traded them for comfort, distraction, and excuses.
Every time you said “tomorrow,” you chose the weaker version of yourself again.
Now you have to live with what that cost. Get up. Make the next choice hurt less than the last.",sharing,pre-labelled by Codex; checked by Scott; source: https://www.reddit.com/r/workout/comments/1wwobju/before_you_become_your_regret/
What is the best bicep exercise in your opinion? Both in gym and calisthenics,discussion_prompt,pre-labelled by Codex; checked by Scott; source: https://www.reddit.com/r/workout/comments/1wwnood/what_is_the_best_bicep_exercise_in_your_opinion/
"What are the benefits of wearing a weighted vest?

I'm thinking of getting one but would love to learn about everyone's experience.",discussion_prompt,pre-labelled by Codex; checked by Scott; hard case; source: https://www.reddit.com/r/workout/comments/1wwnmt8/what_are_the_benefits_of_wearing_a_weighted_vest/
"Rate my leg day routine

30f here. I recently scaled down my leg day. I was previously doing 5x8 of everything and it just about killed me. You live and you learn.

Today I did:

- 3x8 single leg RDLs each side

- dumbell sumo squats (50kg) 3x12

- leg extension 3x10

- abductors 3x12

- single leg press 3x10 each side

And finished with some treadmill sprints.

I think I feel a little lazy because I'm used to doing hip thrusts and bulgarians in virtually every workout (I do those twice a week now).",help_request,pre-labelled by Codex; checked by Scott; source: https://www.reddit.com/r/workout/comments/1wwn6m3/rate_my_leg_day_routine/
"Opinion on dragonflag

Is dragon flag the best ab workout? Or should i remove it from my workout and if so what should i replace this with?",discussion_prompt,pre-labelled by Codex; checked by Scott; source: https://www.reddit.com/r/workout/comments/1wwmy55/opinion_on_dragonflag/
"Rate my body weight circuit please

i’m starting week 4 of circuit training tomorrow. weighed myself at week 2 and i was 170 lbs. i’m 38 years old and 5’ 8”.
started things pretty out of shape but i’m feeling much better now

circuit is:

3 sets of 3 chin ups (wide arm, pull up then chin up)

7 burpees (with push ups but no jump, rising from a squat at a steady pace)
10 push-ups
14 squats
20 bicycle crunches
30 mountain climbers

i started with pushing myself to 3 sets per work out and managed 4 work outs a week for the first 3 weeks.
i’m managing 4 sets when i work out at home now.
my goal is to hit 7 sets of the circuit in a workout and see how i feel from there.

feels like i’m doing pretty good. thoughts? critiques?",help_request,pre-labelled by Codex; checked by Scott; source: https://www.reddit.com/r/workout/comments/1wwmvmq/rate_my_body_weight_circuit_please/
"Why do people shame others for going to the gym, even if it is an obsession?

I’m not sure how many advanced lifters are on here, but I’ve been training just over 5 years now and I’ve got good genetics so I have what most would consider an ‘impressive physique’.

However one thing I’ve noticed about looking the way I do, I get comments all the time along the lines of: “is the gym your whole personality”, “wow you must have a pretty boring life”, “that’s a really sad way to live”, “why are you so obsessed with the gym”, and that’s just to list a few.

One thing I always found funny/weird is why are people so quick to make fun of being healthy and people wanting to live a healthier lifestyle. On the contrary people never say to a smoker “wow all u do is smoke” or “that’s pretty sad” and the same goes for most people who drink or do other things that are harmful.

I just feel like people get the impression that somebody in good shape, has no life, no personality and lives in the gym. This simply isn’t close to being true. I go to the gym 3-4x a week and I’m there maybe an hour . I also never ever speak about the gym outside of the gym to someone, unless they speak about it first.

Even if somebody was ‘obsessed’ with the gym, how is that a bad thing? Like wow we have someone obsessed with training and eating healthy, get a load of that guy. I just don’t understand it.",discussion_prompt,pre-labelled by Codex; checked by Scott; hard case; source: https://www.reddit.com/r/workout/comments/1wwmiku/why_do_people_shame_others_for_going_to_the_gym/
"Critique my 5-Day PPL program please!

Looking for some feedback on my current 5-day Push/Pull/Legs rotation.

Fist time trying to create a routine, what's your thoughts?

​The Routine

​🔴 Push A

​Barbell Bench Press: 4 × 5–8

​Incline Dumbbell Press: 3 × 8–12

​Seated Shoulder Press: 3 × 6–10

​Cable / DB Lateral Raise: 3 × 12–20

​Cable Fly: 3 × 10–15

​Triceps Pushdown: 3 × 10–15

​Overhead Triceps Extension: 2 × 12–15

​🔵 Pull A

​Pull-Ups / Lat Pulldown: 4 × 6–10

​Barbell Row: 3 × 6–10

​Chest-Supported Row: 3 × 8–12

​Single-Arm Lat Pulldown: 2 × 10–15

​Rear-Delt Fly: 3 × 12–20

​Dumbbell Curl: 3 × 8–12

​Hammer Curl: 2 × 10–15

​🟢 Legs A

​Barbell Back Squat: 4 × 5–8

​Romanian Deadlift: 3 × 8–10

​Bulgarian Split Squat: 3 × 8–12 / leg

​Leg Press: 3 × 10–15

​Leg Curl: 3 × 10–15

​Standing Calf Raise: 4 × 10–15

​Hanging Leg Raise: 3 × 8–15

​🔴 Push B

​Incline Bench Press: 4 × 6–10

​Dumbbell Shoulder Press: 3 × 8–12

​Machine / Flat Chest Press: 3 × 8–12

​Cable Lateral Raise: 4 × 12–20

​Pec Deck / Cable Fly: 2–3 × 12–15

​Skull Crushers: 3 × 8–12

​Rope Pushdown: 2 × 12–15

​🔵 Pull B

​Weighted Pull-Ups / Lat Pulldown: 4 × 6–10

​Seated Cable Row: 3 × 8–12

​One-Arm Dumbbell Row: 3 × 8–12

​Straight-Arm Pulldown: 3 × 12–15

​Face Pull: 3 × 12–20

​EZ-Bar Curl: 3 × 8–12

​Incline Dumbbell Curl: 3 × 10–15",help_request,pre-labelled by Codex; checked by Scott; source: https://www.reddit.com/r/workout/comments/1wwmhnq/critique_my_5day_ppl_program_please/
"Does anyone’s dragonflags feel heavier?

I have doing dragon flags for like maybe a year or months now and i feel like they were easier before and that my body feels heavier now even though im pretty sure im not gaining weight because i also dont eat any junk food or any snacks",discussion_prompt,pre-labelled by Codex; checked by Scott; source: https://www.reddit.com/r/workout/comments/1wwmaqw/does_anyones_dragonflags_feel_heavier/
"Help with full body workouts

Hello! I need help knowing if this 3 day, full body split I made up is effective or nonsense.
Goal: trying to get stronger by doing functional lifting.
I’m conflicted on if more of a “bro split” would be effective, and how these exercises compliment one another. And also if I should put them on different days than how I currently have them laid out ?

I’m trying to get back to running but have plantar fasciitis in my heel at the moment, so on pause (will also take advice if anyone has experienced this). I do a lot of cross training (biking mostly, elliptical, stairmaster) but might also break from that since I can’t remember when the last time I took a full break was.
Anyways, here is what I have. For context, I’m a post collegiate track and xc runner, and I can handle (and enjoy) a lot of volume. I love to train but have never really been able to stay injury free for longer than 1 cross country season. So, if separating workouts and creating another day would be effective, I’m down. I WILL TAKE ANY ADVICE YOU GUYS HAVE. I genuinely just want to know what you think I’m wrong/right on, what’s dumb, and what’s good.

Here is what I made up:
Day 1:
4x6 - hex bar DL (trap bar) (main heavy compound)
4x8 - standing barbell press
4x8 - barbell row
3x10 - cable face pulls
3x10 - glute hyperextensions
3x10 - leg extensions

Day 2:
4x8 - RDL (main heavy compound)
4x8 - Bulgarian split squats
4x8 - assisted pull ups
4x8 - seated DB shoulder press
3x12 - seated lateral raises
3x12 - cable bicep curls

Day 3:
4x6 - smith machine glute press (HEAVY)
4x8 - single leg box step ups (or single leg machine press ? Idk?)
4x8 - DB incline bench
4x8 - single arm cable rows
4x8 - tricep push downs

Thanks everyone!",help_request,pre-labelled by Codex; checked by Scott; source: https://www.reddit.com/r/workout/comments/1wwl172/help_with_full_body_workouts/
"Carrying more fat in my lower body than my upper body. Any advice?

Hey guys, I'm 23 and about 100 kg. I used to go to the gym but took a 3 year break and got back into it two weeks ago. Since I started again, I've noticed most of my fat sits on my lower body (hips, thighs, legs) while my upper body is much leaner, and it's kind of bugging me.

Right now I'm training 4 times a week, lifting plus 30+ minutes of cardio each session. I want to lose fat and build muscle.

I know you can't spot reduce, but is there anything I should be doing differently? Should I just keep the calorie deficit and lifting going, or is there a better way to approach it?

Would really appreciate any tips or if anyone's been in the same spot. Thanks

PLEASE THE PIC IS JUST FOR ATTENTION.",help_request,pre-labelled by Codex; checked by Scott; source: https://www.reddit.com/r/workout/comments/1wwkyvq/carrying_more_fat_in_my_lower_body_than_my_upper/
"Review my upper lower workout I need advice

Been doing ppl and want to switch to upper/lowe split. I made a routine that is accessible on what we have at the gym and what I'm comfortable with. But I don't know how many set and reps I should do for this workout.

Any tips and what do you think I should improve on my routine? My plan is upper ➡️ lower ➡️ rest repeat

P.s I'm 23yrsold, 65kg, 5'10 and on the skinny side

Upper 1🟡

Chest

- incline dumbbell

- peck deck

Back

- lat pulldown

- reverse fly

Shoulder

- shoulder press

Bicep

- incline bicep curls

- Standing reverse curls (forearms)

Tricep

- skull crusher

Upper 2🟡

Chest

- Chest bench press

- dips

Back

- seated close grip row

- Machine row

Shoulder

- dumbell lateral raise

Bicep

- hammer curls

- standing reverse curls(forearms)

Tricep

- pushdown cable

Lower🟡

Legs

- barbell squats

- leg extension

- lying leg curls

- Abductors

- calf raises

- hip thrust

- dcline crunch (abs)",help_request,pre-labelled by Codex; checked by Scott; source: https://www.reddit.com/r/workout/comments/1wwksdq/review_my_upper_lower_workout_i_need_advice/
"How to get back to prime strength?

Hello. (23M,180cm,74.5kg). I havent worked out in 1.5-2 months as i got addicted to skyrim and basically sat in my gaming chair all day long. My protien was also low (like 70-80g) in these 2 months. My prime lifts were:
1) 70kgx11 Flat bench press.
2) 26kgx3-4 Dumbbell bicep curl
3) 13 Widegrip deadhang pullups
4) +40kgx5 Dips

Now it is:

1) 70kgx6 flat bench press
2) 25kgx3-4 Dumbbell bicep curls
3) 10 widegrip deadhang pullups

I started going to the gym again now and my strength has dropped quite a bit. How long will it take for me to recover back to prime? I am keeping protien above 100g and working out 5-6 days a week again.",help_request,pre-labelled by Codex; checked by Scott; source: https://www.reddit.com/r/workout/comments/1wwjww4/how_to_get_back_to_prime_strength/
"Looking for help 🙏

Recently started gym can any recommend a starter plan for me looking to build chest arms and shoulders I'm a beginner just need a little routine",help_request,pre-labelled by Codex; checked by Scott; source: https://www.reddit.com/r/workout/comments/1wwjve9/looking_for_help/
"Is my pushday good?

I’m 19F and am currently doing an ULUL split

Incline press 3x 8-12

Dumbbell shoulder press 3x 8-12

Pec fly 3x 8-12

Upright row 3x 8-12

Cable lateral raise 3x 8-12

Overhead tricep extension 3x 8-12

Tricep pushdown 3x 8-12",help_request,pre-labelled by Codex; checked by Scott; source: https://www.reddit.com/r/workout/comments/1wwino1/is_my_pushday_good/
Do you need to flare your arms on rows to hit your rear delts or is it enough to retract your scapula?,discussion_prompt,pre-labelled by Codex; checked by Scott; source: https://www.reddit.com/r/workout/comments/1wwilpj/do_you_need_to_flare_your_arms_on_rows_to_hit/
"Rate my workout

10 push ups

10 incline pull ups

10 decline sit ups

10 lunges each side

10 explosive squats",help_request,pre-labelled by Codex; checked by Scott; source: https://www.reddit.com/r/workout/comments/1wwhb9m/rate_my_workout/
"Hi, myself Saksham, a teen (12), this is my workout plan, rate it or even give your suggestions/opinions

10 pike pushups

5 archer pushups

10 decline pushups

10 regular pushups (depends on what I'm hitting on pushups board)

25 squats

20 sit ups

20 bulgarian squats

10 chin ups

50 hand gripper presses (25 each arm)

60 secs body hold

My dream is to have a lean, athletic body to flex around my homies, and also great looking body.

Thank you",help_request,pre-labelled by Codex; checked by Scott; source: https://www.reddit.com/r/workout/comments/1wwh4n8/hi_myself_saksham_a_teen_12_this_is_my_workout/
"Frustrated.

Been going to the gym for a long time and made alot of good progress 2022-2024. But I have injuries now buldging disc c7 and had knee surgery meniscus trimmed. And lower back issues. So basically I cant do any proper pressing exercises due to the buldging disc affecting my left arm and chest. Cant squat heavy because of my knee and lower back issues and now it seems deadlifts are off the table also since the lower back issues got worse. Im just frustrated that I can't do anything I used to do in the gym. Wondering if anyone has a routine that works around these problems that would allow me to gain muscle again. Im on a strict diet now because of other health problems but its hard to stay motivated lately, seems like my body is just a piece of shit. Anyone have any advice I would appreciate it.",help_request,pre-labelled by Codex; checked by Scott; source: https://www.reddit.com/r/workout/comments/1wwgarr/frustrated/
"Favorite Calorie/Workout tracking app?

I prefer a free one, and even better if its one app for both needs",discussion_prompt,pre-labelled by Codex; checked by Scott; hard case; source: https://www.reddit.com/r/workout/comments/1wwfyg4/favorite_calorieworkout_tracking_app/
"Best lower body split?

Hi guys,I'm here to ask for the best lower body split.

I used to do 3 glute focused days, then I switched to 2 glute focused day and one quad focused one, however I've been told that that's probably not the best so any advice?",help_request,pre-labelled by Codex; checked by Scott; source: https://www.reddit.com/r/workout/comments/1wwfsq6/best_lower_body_split/
"calorie deficit at 15

im 15 and currently at 58 kg at 5'6

i appear to be around 20 percent body fat and want to get leaner but dont want to stunt my growth and development during puberty

what should i do i have a fair bit of muscle mass and can bench 80kg id be grateful for some advice",help_request,pre-labelled by Codex; checked by Scott; source: https://www.reddit.com/r/workout/comments/1wwfpjn/calorie_deficit_at_15/
"How to start powerlifting movements (SBD)

I hurt myself due to poor form/weak core a couple years ago. Stopped powerlifting entirely for over a year and started up with super light weights, like 135 on squats for example (I'm 6'1"" 175lbs) and felt pain in my lower back and had to stop again for a week.

Is there anything specific I need to do to warm up or just to progress in general. I've been working out for 10 years and way past my prime now and feel like I wasted years without ever getting strong.",help_request,pre-labelled by Codex; checked by Scott; source: https://www.reddit.com/r/workout/comments/1wwfo8f/how_to_start_powerlifting_movements_sbd/
"Upper Lower exercise 2x per week

Hello, kinda been doing this exercise program lately due to my availability I can only 2x per week kinda need a review if this program is actually good or what tips and guide should i be given if i really want to see great progress for myself. Im down to add a calisthenics days since I can only use the gym 2x a week

Upper

Incline bench press

Cable Flies

Lat Pulldown

Any rowing movement

Shoulder Press

Side Lateral raise

Lower

Squats

Bulgarian split squats

RDL

Calf Raises

Farmer's carry

Leg Raises

All done in 3sets x 6-8 reps",help_request,pre-labelled by Codex; checked by Scott; source: https://www.reddit.com/r/workout/comments/1wweyrb/upper_lower_exercise_2x_per_week/
How much time do you spend on working out?,discussion_prompt,pre-labelled by Codex; checked by Scott; source: https://www.reddit.com/r/workout/comments/1wweevh/how_much_time_do_you_spend_on_working_out/
"Anterior shoulder giving out / limiting pull movements after long hiatus from gym

Got lazy and took 6 months off from lifting. Decided to start again today and my front shoulders kept giving out during rows and curls. No pain at all, but it's very clearly my shoulders limiting concentric pull movements after a certain number of reps. Fwiw, I didn't feel it limiting me when doing skullcrushers or lateral raises. Just during pull movements.

When I last lifted in April I was barbell rowing 160 lbs for 8 reps, incline curling 27.5 lb DBs for 10-12 reps, and hammer curling 35 lb DBs for 10-12 reps. Today I could only manage 6-8 reps barbell rows @ 125 lbs, 6-8 reps of incline curls @ 20 lb DBs, and 6-8 reps of hammer curls @ 20 lb DBs in each set.

No real fatigue felt in my back or biceps, just my shoulder shutting down arm movement past a certain # of reps. By the time I reach the 6th-8th rep, I'll be a third to a half way through the concentric phase and just feel my shoulder lock my arm up and I'm unable to lift up (curls) or up/back (rows) any further.

Any clue what this could be and how I can get past it? I understand it's normal to have lower numbers after an extended break, but this seems to have something to do with CNS fatigue or shoulder instability.",help_request,pre-labelled by Codex; checked by Scott; source: https://www.reddit.com/r/workout/comments/1wwedl1/anterior_shoulder_giving_out_limiting_pull/
"Should I worry about the different heads/parts of different muscles or just stick to mixing some compounds with some isolations? Like the PHUL program?

​

I have been doing PHUL for a month and while I am making quite good progress but I feel lackey on some muscle parts (shoulers and triceps mid head) could it be because I lack specific workouts or its too early to see the gains",help_request,pre-labelled by Codex; checked by Scott; source: https://www.reddit.com/r/workout/comments/1wwe3sm/should_i_worry_about_the_different_headsparts_of/
"is my x3 fb a week split ok?

🟢 Monday

- Pec Deck — 3×8–12

- Lat Pulldown — 3×8–12

- Cable Lateral Raise — 3×8–12

- Leg Press — 3×8–12

- Romanian Deadlift — 3×8–12

- Recline/Incline Dumbbell Curl — 3×8–12

- Cable Tricep Pushdown — 3×8–12

- Calf Raise Machine — 3×8–12

🔵 Wednesday

- Incline Chest Press Machine — 3×8–12

- Reverse-Grip Lat Pulldown — 3×8–12

- Cable Lateral Raise — 3×8–12

- Rear Delt Machine — 3×8–12

- Reverse Wrist Curl — 3×8–12

- Leg Extension — 3×8–12

- Seated/Lying Leg Curl Machine — 3×8–12

- Cable Russian Twist — 3×8–12

🔴 Friday

- Machine/DB Overhead Press — 3×8–12

- Cable Lateral Raise — 3×8–12

- Seated Cable Row — 3×8–12

- Wrist Curl — 3×8–12

- Hammer Curl — 3×8–12

- Cable Overhead Tricep Extension — 3×8–12

- Machine/DB Shrugs — 3×8–12

- Cable Crunch — 3×8–12",help_request,pre-labelled by Codex; checked by Scott; source: https://www.reddit.com/r/workout/comments/1wwdzl7/is_my_x3_fb_a_week_split_ok/
"I really f’ed up

So I went on a 9 day vacation and couldn’t wait to get back to lifting.I went through my usual chest day/back/shoulders day etc…I was a little sore but oh boy leg day doms has been brutal.I went harder than usual this week because I felt good.

Warmup 3 sets light weight
3 sets Bulgarian split squats 100 lbs
3 sets goblets squats 150 lbs
5 sets calve raise 250 lbs
3 sets deadlift 200 lbs 15 reps
4 sets leg extension 180 lbs
4 sets leg curl
4 sets hip thrust 180 lbs (barbell)
I should have known better and I can barely walk after the 2 day doms kicked in,much less less take a shit.",sharing,pre-labelled by Codex; checked by Scott; source: https://www.reddit.com/r/workout/comments/1wwdg25/i_really_fed_up/
"Why do i see my physique different from photo compared to the mirror?

Why do i see my physique different from photo compared to the mirror?

when i look at my physique at the mirror, I look amazing and ripped.

but when i use my phone, i looked like sht lol.

what is more accurate when other people see me from their eyes, the mirror or photo?

sorry for my english.",discussion_prompt,pre-labelled by Codex; checked by Scott; source: https://www.reddit.com/r/workout/comments/1wwdays/why_do_i_see_my_physique_different_from_photo/
"What used to intimidate you at the gym that feels completely normal now?

It’s funny how some things at the gym can feel like a huge deal at first.

The free-weight area, trying a new lift, asking someone for a spot, even just feeling like everyone is watching you.

Then eventually it just becomes normal.

What stopped feeling intimidating for you?",discussion_prompt,pre-labelled by Codex; checked by Scott; source: https://www.reddit.com/r/workout/comments/1wwd7jl/what_used_to_intimidate_you_at_the_gym_that_feels/
Why protein shakes when chicken breast offers the same protein for the same calories and is so much more fulfilling?,discussion_prompt,pre-labelled by Codex; checked by Scott; source: https://www.reddit.com/r/workout/comments/1wwb22o/why_protein_shakes_when_chicken_breast_offers_the/
"Does anybody know Arnold Schwarzenegger's specific workout routine?

I've found a bunch of different plans, but none of them look like the real one.",discussion_prompt,pre-labelled by Codex; checked by Scott; hard case; source: https://www.reddit.com/r/workout/comments/1wwapdg/does_anybody_know_arnold_schwarzeneggers_specific/
"Core Day

Looking for suggestions to improve my core day. I have a bad L4, so I want core strength to help that. I've also lost 50 lbs, down from 305 to 255. I want to keep losing fat and growing muscle.

On other days I do:
Day 1 - Chest, Shoulder, & Triceps
Day 2 - Back and Biceps
Day 3 - Legs

I recently replaced crunches with sit ups and have really felt it, but still feel like I can be working smarter. Maybe there are more effective exercises I can do? Is there something I should consider adding? Dropping because it's not worth it?
Exercise Sets / Rep Weight    Include Sit Up 3 / 10 0   Back Hyperextensions 3 / 15 0   Hanging Leg Raises 3 / 10 0   Front Plank 3 / 1 min each 0   Side Plank 3 / 30 second per side 0   Cable Wood Chopper 3 / 15 per side 45   Cable Crunch 3 / 10 90",help_request,pre-labelled by Codex; checked by Scott; source: https://www.reddit.com/r/workout/comments/1wwaoqx/core_day/
"Elbow and forearm struggles, need advice

I've added pull ups to my routine for the last 4 months. I started with assisted pullups until I could do 5 pull ups without and swapped to normal pullups. My forearms and elbows keep hurting sharply. I've had tennis elbow in the past and its very similar. My grip gives out way before the muscle. I can't figure out why my grip strength is lack when I am making progress in strength everywhere else.

I am not sure how to fix this issue or how to improve. I want to be able to do pullups or chinupa pain free. Even my lat pulldown is starting to hurt

I am currently attempting a body recomp. Went from 207lbs to 177lb from March to Sept. 35% body fat to 27% by dexascan. Idk if any of this is relevant. Height 5'7""",help_request,pre-labelled by Codex; checked by Scott; source: https://www.reddit.com/r/workout/comments/1ww9jbv/elbow_and_forearm_struggles_need_advice/
"Bicep workout (2 enough)?

Is doing just 2 bicep workouts more than enough to build muscle? I want to concentrate on just doing cable bicep curls and rope hammer curls with progressive overload. I am new to working out and currently, I have been doing 3-4 bicep workouts (straight bar curls, cable bicep curls, rope hammer curls, preacher curls), which have been burning me out since I also do triceps on the same day/session. For triceps, I am doing overhead rope extension, rope push-down and dips. I have been thinking that maybe I am trying to do too much and if I keep it simple, I will benefit more from it. I have this mindset that if I do 3-4 bicep workouts in one session that I will get to my goals of having bigger arms quicker, but I think by doing this many bicep workouts, it might be slowing me down instead. Can I get some opinions on this? And if 2 is more than enough, is cable bicep curls and rope hammer curls good enough or is there better bicep workouts out there?",help_request,pre-labelled by Codex; checked by Scott; source: https://www.reddit.com/r/workout/comments/1ww9f67/bicep_workout_2_enough/
"If you don’t know what program to run, give me your setup and I’ll build one for you!

I’ve spent a lot of time working on hypertrophy programming and building a system for organizing weekly volume, exercise selection, session length, and muscle priorities.

If you’re stuck on what to run, send me your setup and I’ll make you a full program.

No catch, it’s free. I just want more real training setups to test against and to see whether the programs actually make sense to you guys.

Comment with:

- days/week you can train

- typical session length

- equipment you have access to

- experience level

- any muscles you want to prioritize

- any exercises you really like or hate

I’ll reply with the split, exercises, sets, rep ranges, RIR, and rest times.

You don’t have to follow it. If something looks stupid, tell me. I actually want the criticism.

Weird constraints are welcome too: 2 days/week, 30-minute sessions, dumbbell-only, 6 days/week, whatever.",sharing,pre-labelled by Codex; checked by Scott; source: https://www.reddit.com/r/workout/comments/1ww8dsy/if_you_dont_know_what_program_to_run_give_me_your/
"Am I missing something, or am I just overthinking my progress?

I started going to the gym at the beginning of June, so I'm still relatively new to lifting. I keep seeing people say their first 1–2 years were basically wasted because they weren't training, eating, or progressing properly. I really don't want to look back a year from now and realize I was doing something wrong the whole time.

I've also been in a calorie deficit for 98 days and have lost a significant amount of weight. I currently train 4x per week.

What I'm doing so far:

- Track my calories and body weight

- Make sure I'm getting enough protein and carbs

- Take creatine

- Get atleast 7 hours of sleep

- Track my workouts with Hevy app

- Try to progressively overload my lifts each week

- Pay attention to technique and watch fitness content to make sure my form is correct

- Stay consistent with my training

My strength is going up and I'm progressing in my workouts, so that's reassuring, but I still have this feeling that I might be overlooking something important.

For people who have been lifting for a few years: what are some common mistakes beginners make that can seriously slow down their progress? Is there anything I should be doing, monitoring, or avoiding that I might not have considered?",help_request,pre-labelled by Codex; checked by Scott; source: https://www.reddit.com/r/workout/comments/1ww7uvx/am_i_missing_something_or_am_i_just_overthinking/
I'm 135 pounds 5'7 I can do barbell rows with 125 for 8 reps is that good,discussion_prompt,pre-labelled by Codex; checked by Scott; source: https://www.reddit.com/r/workout/comments/1ww7dgm/im_135_pounds_57_i_can_do_barbell_rows_with_125/
"Routine for hitting legs 3x per week

Sorry if this has already been answered but I was just curious how to split up a 3x legs routine. I’m a pitcher and i recently was told not to do any upper body lifts for a few weeks bc of a ucl injury. I love working out so I decided to do a 3x per week leg routine. Right now I hit legs 2x per week and obviously I can’t do the same workout 3x per week without getting super tired. I know some people break it up into different focuses for each day but I like to workout every muscle in my legs and I’m just curious what it means to do a more quad heavy day vs a more hamstring heavy day.",help_request,pre-labelled by Codex; checked by Scott; source: https://www.reddit.com/r/workout/comments/1ww76q2/routine_for_hitting_legs_3x_per_week/
"Routine Suggestions

Hey everyone!

I have been going steadily to the gym since January to lose weight and become stronger. I’ve lost about 52lbs since and have gained a lot of strength.

However, my family situation has changed and I am now a solo parent to young kids with no support in my area. Which means, I cannot go to the gym anymore. The only gyms nearby that have childcare are very expensive, and I have to watch my finances now with the situation.

I was previously doing 3 days a week at the gym, focusing on cardio for 25-30 min and then doing weight machines (mainly for lower and upper body days). Ab days I did a rotation of different exercises on the mat, plus a couple machines.

Does anyone have any suggestions for routines at home I can follow now? Any YouTube channels or something to check out? I don’t want to lose my strength or regain some weight because of this. Exercise was my outlet and I’m having trouble finding the motivation to start back again after a couple of weeks off.

Thank you for any advice! ✌🏽",help_request,pre-labelled by Codex; checked by Scott; source: https://www.reddit.com/r/workout/comments/1ww71jl/routine_suggestions/
"I Signed Up For Orange Theory and Worried I Have Made a Mistake

Okay. I’ve always been a cardio queen and lost about 50 pounds in two years walking and eating in a calorie deficit. Problem is—I’m skinny fat.
Well, fat fat.
I’m 135 pounds, 5’2 and I didn’t know about Body Recomp until after my good friends talked me into getting an OT membership.
It’s $150 per month, and I DO truly love it. I see definition in my arms after only a month, and all my friends look good. BUT now that I’m on Gym Tok I’m realizing: I think I made a huge mistake because I can’t afford another gym membership, and I have no space outside of OT to lift heavy—and even though the movements on the floor/in strength classes are similar, I’m not confident I can reliably do progressive overload in this way. It seems the muscle groups are slightly different each class.

So, do I just accept that over the next year I can’t reach my goals? Would there be a way to move myself in the direction of body recomp, or do I just accept that I didn’t know what I didn’t know and press forward?",help_request,pre-labelled by Codex; checked by Scott; source: https://www.reddit.com/r/workout/comments/1ww6s8z/i_signed_up_for_orange_theory_and_worried_i_have/
"Are there any basic improvements I can make to my lower/shoulder day?

I’m new to the gym, not sure if i’m overlapping any exercises or missing any important ones. I’m hitting this twice a week, this is what i’ve been doing:

Barbell Squats 2x8
Leg Press 3x8
Leg Extension 2x10
Calf Extension 3x12 (not sure if this is overdoing it)
Seated Overhead Press 3x8
Lateral Raises 4x10
Crunch Machine 3x12

Anything I should add or replace? Also, the order I typed them in here is not the order i’m doing them. I usually begin with squat/leg press into overhead press and move on from there.",help_request,pre-labelled by Codex; checked by Scott; source: https://www.reddit.com/r/workout/comments/1ww6fwx/are_there_any_basic_improvements_i_can_make_to_my/
"Realisticstrength goals for a 40yo

I am 39, male. I used to lift when I was younger, but only recreationally and using a bro split because that is what everybody I knew at the gym was doing. Never followed a program or tracked my lifts, but I did get some OK gains in the years of lifting.

Then I didn't go to the gym or worked out at all for 6 years (moved out in the suburbs where I have no gym near me, had two kids that took all my spare time, the usual excuses), I gained fat and likely lost all my muscle gains.

This year I built a small gym at home, I only have free weights: barbell, dumbbells and bench and squat rack. I started lifting as regularly as possible, tried hitting my protein intake, made some progress but had a health issue and needed to have surgery and then I paused for 2 months again. Now I am back at it, I am running GZCLP program (Cody LeFever program) and I am in week 6. Based on max no of reps I did last time for my T1 lift (the strength lift) I have a max 1 rep max estimate of:

Incline Bench Press (I don't like flat press): 85kg (190lbs)

Overhead Press: 45kg (100lbs),

squat: 88kg (aprox 200lbs),

deadlift: 100kg (220lbs

I am 187cm (6ft2) and 100kg (220lbs), overweight (for now).

I know strength is relative, depends on body weight, but I keep seeing these posts where fitness people give some numbers which are overwhelming like 5 plates deadlift and 3 plates bench press. Are those realistic for non-pro lifters? I was just wondering what are some people's goals in terms of strength, especially for guys who are not in their 20s anymore.",help_request,pre-labelled by Codex; checked by Scott; hard case; source: https://www.reddit.com/r/workout/comments/1ww5wie/realisticstrength_goals_for_a_40yo/
"PF is awkward...

ive been to a lot of Planet Fitness gyms...why do they arrange machines so bizarrely?

One PF has the smith machines backwards - the bench usually ends up in the aisle.

Another location....preacher curl machine has me directly staring at the crotch of whomever is using the shoulder press machine.

Another location...calf raise has me staring at the person's profile of pec deck.

I could go on.....

You try and not be a creepy weirdo...but the way another of machines are set up is just awkward.

/rant",sharing,pre-labelled by Codex; checked by Scott; source: https://www.reddit.com/r/workout/comments/1ww5qdi/pf_is_awkward/
"How do I prevent my arms from breaking on the seated dumbbell shoulder press?

To explain what I mean, I have been stuck at 65lb dumbbells because when I go to 70lbs, I notice that at the top of the movement my arm is having a tendency to want to fall back behind me. Which is an injury waiting to happen.

Are there any activation drills or specific workouts I can do to help strengthen whatever muscles need to be strengthened to help support this movement? I have the pressing strength but I am lacking strength in whatever muscles add stability. Appreciate you reading.",help_request,pre-labelled by Codex; checked by Scott; source: https://www.reddit.com/r/workout/comments/1ww5mqa/how_do_i_prevent_my_arms_from_breaking_on_the/
"What is a better method for getting my strength up for my lifts?

I have been going to the gym for about five years and I’ve made some good progress on my lifts. I can bench 250lbs, OHP 150lbs. My squat is at 280lbs, and my Deadlift is at 360lbs. Right now I really want to be able to Squat 315+ and Deadlift 405+. I am a self taught lifter, and I’ve been using progressive overload but I feel like there’s a better approach to what I’ve been doing.

So let’s say I’m deadlifting and do a few sets of 345 at 1-3 reps. Every week I increase the weight by five pounds and over the course of of five weeks until I work my way up to 365. The last time I deadlifted I then do a deload where I do 80% of 365. The week after the deload I start at 350 and repeat the cycle.
For OHP and Bench Press I do the deload on the fourth week.

I feel like this has been working but I always feel like there’s a better approach to what I’ve been doing, and a faster way to get to the weight I actually want to lift. I would appreciate any guidance and suggestions that will improve my training.",help_request,pre-labelled by Codex; checked by Scott; source: https://www.reddit.com/r/workout/comments/1ww4u3p/what_is_a_better_method_for_getting_my_strength/
"Rate my Routine

Rate my Routine

I'm currently running a 4-day gym + 3-day running program while training for a half marathon.

I'm 176 cm and 79 kg.

PUSH – Monday
Incline Dumbbell Bench Press: 3 x 6–10
Barbell Bench Press: 3 x 5–8
Smith Machine Seated Overhead Press: 2 x 6–10
Cable Chest Fly: 2 x 10–15
Cable Lateral Raise: 3 x 10–20
Cable Overhead Tricep Extension: 3 x 8–15
Rope Tricep Pushdown: 2 x 10–15

PULL – Tuesday
Pull Up: 3 x 6–10
Chest Supported Row: 3 x 6–10
Single Arm Lat Pulldown: 2 x 8–12
Seated Cable Row: 2 x 8–12
Reverse Pec Deck / Rear Delt Machine: 3 x 12–20
EZ Bar Curl: 3 x 8–12
Bayesian Cable Curl: 2 x 10–15

LEGS – Wednesday
Hack Squat: 3 x 5–8
Romanian Deadlift: 2 x 6–10
Leg Press: 2 x 8–12
Seated Leg Curl: 2 x 10–15
Leg Extension: 2 x 10–15
Standing Calf Raise: 3 x 8–15

UPPER – Friday
Dumbbell Bench Press: 3 x 6–10
Lat Pulldown: 3 x 6–10
Machine Chest Press: 2 x 8–12
Chest Supported Row: 2 x 8–12
Cable Lateral Raise: 3 x 12–20
Reverse Pec Deck: 2 x 12–20
Cable Curl: 2 x 8–12
Cable Overhead Tricep Extension: 2 x 10–15

CORE – Friday
Cable Crunch: 2 x 10–15
Pallof Press: 3 x 10–15/side
Side Plank: 2 x 30–60 sec/side

I'm deliberately keeping legs to one dedicated day because I'm running 3x/week.",help_request,pre-labelled by Codex; checked by Scott; source: https://www.reddit.com/r/workout/comments/1ww4tvt/rate_my_routine/
"My bad

I did 7 push ups during the test, and when I got home, I did 10 pull ups. There’s something wrong with me.",sharing,pre-labelled by Codex; checked by Scott; source: https://www.reddit.com/r/workout/comments/1ww4q2f/my_bad/
"Enjoying Food While Staying Fit

Hi everyone,

Would appreciate any suggestions or tips for those who have gone through the same journey.

I've been hitting the gym consistently for quite a few months now, adhering to a clean high protein diet, no alcohol (maybe a beer here and there), and long story short, feel really happy about my physique - I've gone from a size 34 waist to 32; I actually had to purchase new pants recently because the old ones just don't fit anymore.

I hit the gym 5-6 times a week and do genuinely enjoy it and the routine. I'm 5'7"", and now 158-160lbs. I used to be around 185 lbs (most of that was due to bad diet and drinking I would say).

Now, I've gotten to the point where I'm doing my best to avoid 'fun' food like sweets or pastries (with a morning coffee). I'm constantly thinking about my weight to the point where I feel like its not healthy.

I used chatdgpt and it suggested a 80-20 approach where 80% of my diet is exactly what it is now, but 20% of it each day is 'fun' food.

I do track how many calories I burn everyday (2500-2600). But tracking calories for the food I eat is just too much :) I haven't done that yet.

Any suggestions on how to have fun and enjoy eating and enjoying food while staying fit/on track?

Thank you.

Ps. I fully understand that thinking a chocolate croissant is going to make me fat is silly; would love to hear your perspectives if you've dealt with such thoughts.",help_request,pre-labelled by Codex; checked by Scott; source: https://www.reddit.com/r/workout/comments/1ww3lfg/enjoying_food_while_staying_fit/
"Another one!

When doing excercise do you push every muscle in your body or focus on the one you are working on?",discussion_prompt,pre-labelled by Codex; checked by Scott; source: https://www.reddit.com/r/workout/comments/1ww3c6a/another_one/
"How to lose ""skinny fat"" as a picky eater?

A couple of years ago, I used to weight a little over 60kg (female) and I was able to lose it by restricting myself from fried food or desserts with added sugar for 1.5 months and saw the change drastically and quickly.

Now, I am someone who stays a stable weight for a long period of time, which is why I was thinner (in a healthy manner) the entirety of last year, unless there is either a internal factor that changes it (like the one said above) or an external one. Recently, an external factor made me have to stay at home for a couple of months which made me gain weight again due to the lack of movement in my daily life. My body has decided that it wants to stick to this weight and body ""look"" as a stable weight.

I've been finding it difficult to lose fat even after implementing the no desserts or fried food diet once again. I still look the same.

Before anyone says to go on a calorie deficit, it will not help because:

1- I don't want to develop an eating disorder

2 - I'm a picky eater who doesn't eat much variety of food such as fruits and vegetables (I do eat a ton of protein in my daily life because I like chicken and carbs)

Also, I started to go to the gym a couple of months ago for lifting/body recomp and have been doing whatever workouts I like, mainly on machines. However, there have been the slightest changes only.

Can someone please give any tips if you've experienced the same?",help_request,pre-labelled by Codex; checked by Scott; source: https://www.reddit.com/r/workout/comments/1ww33bz/how_to_lose_skinny_fat_as_a_picky_eater/
"weekly split

if I play football on Tuesday evenings and Saturday mornings

Is it better to have my leg days on Wednesdays and Sundays or Mondays and Thursdays?",help_request,pre-labelled by Codex; checked by Scott; source: https://www.reddit.com/r/workout/comments/1ww2szi/weekly_split/
"21’s

Can i do 21’s on every excercise ?",help_request,pre-labelled by Codex; checked by Scott; hard case; source: https://www.reddit.com/r/workout/comments/1ww2qmn/21s/
"Beginner workout advice

Hey, everyone 👋 I, 23M, am looking for some advice on how to start working out. I have struggled with substance abuse issues in the past and lost weight because of it (I’m 5’10 and 140lbs). I want to start going to the gym both as a healthy outlet and to gain muscle and strength. The thing is, I honestly have no idea what I’m doing, so I’m just looking for suggestions and advice. For example; should I work out 3 days a week, 5 days a week? Are there certain exercises to start with/some to avoid? How do you decide what routine is best for you? Any and all advice is welcome and appreciated, thank you!",help_request,pre-labelled by Codex; checked by Scott; source: https://www.reddit.com/r/workout/comments/1ww271f/beginner_workout_advice/
"Iam 193cm or 6,4 should i workout my legs

Iam very tall i am not too convinced to workout my legs cuz its still will be skinny in all cases if i have trained it or not soo what u guys think
The only thing that i will gain it is pain after workout it
Does it worth it????????!!!!",help_request,pre-labelled by Codex; checked by Scott; replacement for non-English/off-topic post; source: https://www.reddit.com/r/workout/comments/1wuwwhm/iam_193cm_or_64_should_i_workout_my_legs/
"Does anyone else experience neck stiffness like this??

35F, weight lifting for 15yrs (overseen by a collegiate CSCS for 8)

Long story short- 1yr ago I developed severe and chronic symptoms that mirrored TMJ head/neck problems which turned out (after a long road and many diff doctors) to be from pull-ups. Fast forward to now, I’ve been pain free for about 5 months after getting manual trap/neck/jaw therapy and dry needling.

Maybe I got cocky, but I reintroduced some pull ups (neutral grip). Bam. Symptoms right back. I don’t get it and I’m frustrated. Following day my neck and trap muscles are so mother effing tight. So naturally, all my upper lifts just add more tension to the problem. I can’t understand the mechanism behind this. What’s weak?! How many IYT’s can I possible do to strengthen my mid back?? Are my pecs too tight? I’m bummed out.",help_request,pre-labelled by Codex; checked by Scott; source: https://www.reddit.com/r/workout/comments/1ww1kg9/does_anyone_else_experience_neck_stiffness_like/
"I ate a large amount of food. How long should I wait before going to the gym?

Is 1 hour and 30 min enough ?",help_request,pre-labelled by Codex; checked by Scott; source: https://www.reddit.com/r/workout/comments/1ww19yf/i_ate_a_large_amount_of_food_how_long_should_i/
"I get really lazy when I'm on vacation.

I absolutely love working out 5-7 days a week. I've been very consistent about that. If I go back-to-back days without going to the gym, I get withdrawal. I watch what I eat. Eat my normal meals. Drink water. HOWEVER, whenever I go on vacation, I do absolutely no workouts (except probably walking). I eat whatever I want, drink whatever I want and I usually do not feel bad about it.

Does this happen to anyone else?",discussion_prompt,pre-labelled by Codex; checked by Scott; hard case; source: https://www.reddit.com/r/workout/comments/1ww10he/i_get_really_lazy_when_im_on_vacation/
"Feel weaker after a week of no gym

So I’m running gzclp 3x a week, beginner and was going consistently for about 8 weeks but last week I didn’t lift for a week (lifted today) and I genuinely feel weaker is it normal? I also haven’t been able to hit my protein for the past week ish cuz I was sick and throwing up half the week cuz of medication (GLP-1)",discussion_prompt,pre-labelled by Codex; checked by Scott; source: https://www.reddit.com/r/workout/comments/1ww0rlm/feel_weaker_after_a_week_of_no_gym/
"Best 3 day split for beginner + tips

I'm 20 and have been fat my whole life 92Kgs/202lbs and 5'11/180cm . I've started going to the gym last week to lose fat and build muscle and have also been on a calorie deficit since then while trying to eat clean. As I have a very packed routine, I only have 4 consecutive days when I can go to the gym. Initially, I decided on a consecutive 4 day split (PPLA) but after day 1, I figured it would be very overwhelming for a beginner like me. So, will an Upper/Lower/Full body split be good for me while keeping a rest day after lower body session? Also, how do I figure out what workouts to do on each day and which muscle to focus on? I am quite confused... I followed a routine that gemini made for me this week but I feel like I need someone with better knowledge to give a few tips.",help_request,pre-labelled by Codex; checked by Scott; source: https://www.reddit.com/r/workout/comments/1ww0jtr/best_3_day_split_for_beginner_tips/
"So the burn is bad?

Hello. Recently bought some exercise bands, and I'm using the medium strength one (according to the website -- Fit Simplify), it's equivalent to 10-12 lbs.

Anyway I normally lift until I'm struggling to even pull my arm up and it's shaking (bicep curls), and I lift through the burning sensation. I do that because otherwise I'd only lift it like 5 times instead of 10 lol I'm a weakling.

Just wondering if that's wrong. Do I not lift through discomfort?",help_request,pre-labelled by Codex; checked by Scott; source: https://www.reddit.com/r/workout/comments/1wvzzp0/so_the_burn_is_bad/
"What should i do?

I lack a trainer; I am 6 feet 4 inches at 80 kg.

I can train five days a week, so could someone help me design a weekly workout plan?

Currently I follow:

Monday: chest and triceps
Tuesday: back and biceps
Wednesday: legs and shoulders

Repeat",help_request,pre-labelled by Codex; checked by Scott; source: https://www.reddit.com/r/workout/comments/1wvzubn/what_should_i_do/
"When taking pump pictures, how do you get good angles of your back?",discussion_prompt,pre-labelled by Codex; checked by Scott; hard case; source: https://www.reddit.com/r/workout/comments/1wvzaa6/when_taking_pump_pictures_how_do_you_get_good/
"5 Months of Training but I Still Don’t Feel My Back Working — No Soreness Either

I've been going to the gym for about 5 months now, and I currently follow a bro split.

I recently reduced the weights to focus more on my form, but I still don't really feel my back working during the exercises.

Current back day:

- T-Bar Rows (wide grip) — 10 kg (~22 lbs)

- Lat Pulldown — 26 kg (~57 lbs)

- Seated Cable Rows (vgrip) — 35 kg (~77 lbs)

- Back Extensions (lower back) — Bodyweight

Is there anything obviously wrong with my exercise selection or weights? I’m mainly struggling with actually feeling my back working despite trying to focus on form. Never got any soreness.",help_request,pre-labelled by Codex; checked by Scott; source: https://www.reddit.com/r/workout/comments/1wvyvyx/5_months_of_training_but_i_still_dont_feel_my/
"Effects of volume reduction while cutting?

I am 45/m, working out consistently for 2 years on a three day full body program. I spent the last year and a half slowly gaining about 25 pounds, and I have made some gains (albeit not as much as all you younger guys, but bot bad for a guy working out alone at home). I decided recently that it’s time to trim the fat, so I’m now on a 500 calorie deficit, still working out at the same volume.

Problem is, I think the reduced calories are impacting recovery and motivation. I have a couple of joints screaming at me, and I’m starting to dread workouts.

My thought was to lower volume for the rest of the cut. But since I’m no expert, I’m worried that any change will result in lost muscle. My brain says I have to keep doing the exact same thing, and I don’t know if that’s true. I’m not doing a high volume program as it is, 2 sets to near failure for most things. It would be low volume for a lot of you.

Currently my program looks like this:

Day 1 I do Squats (2 sets), bench press (3 sets), dumbbell rows (2 sets), dumbbell curls (2 sets), overhead extensions (2 sets).

Day 2 cardio, plus lat raises (2), reverse flyes (2)

Day 3 I do Overhead press (2), barbell row (2), RDL (2), barbell curls (2), incline close grip bench (2)

Day 4 cardio, plus lat raises (2), reverse flyes (2)

Day 5 I do Bulgarian split squats (2), Incline bench (3), chest supported rows (2), hammer curls (2), skull crushers (2)

Day 6 cardio, plus lat raises (2), reverse flyes (2)

Day 7 is rest day

I want to switch to alternating Day A/B, done 3 days weekly, keeping the cardio days (but without shoulder work:

Day A squat (2), Bench press (2), barbell row (2)

Day B overhead press (2), deadlift (2), curls (2), triceps (2)

What would the impact of such a change be while cutting, considering it would represent some dropped exercises vs my current program and a decent volume reduction (for me)?",help_request,pre-labelled by Codex; checked by Scott; source: https://www.reddit.com/r/workout/comments/1wvysew/effects_of_volume_reduction_while_cutting/
"How do you know if you're strong enough to spot someone?

Yesterday someone asked me to spot a 100kg bench set. I bench 60kg for sets of five, and I've never spotted anyone, so I told him that and he found someone else. He was completely fine about it.

It got me wondering what I'd need to know before saying yes next time. I've seen people say you only need to help with a small part of the weight because the lifter is still pushing. But how do I know beforehand whether I can get it back into the rack if that isn't how the rep goes?

I'll ask a trainer to show me how to spot, but I'd like to understand the strength side too. Is there a sensible way to judge it, or do you need to see the person's warm-ups and know what kind of set they're attempting?",discussion_prompt,pre-labelled by Codex; checked by Scott; hard case; source: https://www.reddit.com/r/workout/comments/1wvyrh1/how_do_you_know_if_youre_strong_enough_to_spot/
"working out while sick

I usually run and lift 5x a week. Now i have a littlecold (its not bad, no fever but i feel so tired and congested and i have a little cough) i feel like a lazy chud if i dont work out but i also cant bring myself to run bc i feel like i cant? but i already took a rest day this week and ive only lifted twice so far, and its back and bi today! what should i do?",help_request,pre-labelled by Codex; checked by Scott; source: https://www.reddit.com/r/workout/comments/1wvygte/working_out_while_sick/
"I wish there was some sort of accuracy requirement for gym equipment displays.

28m 155lbs. I just had an easy one hour ride on the stationary bike, a little resistance but pretty light intensity. Screen says 88 rpms and 103 average watt output but a whopping 870 calories burned? I'm guessing the actual number is closer to a third or half of that and I doubt this bike has the ability to accurately measure wattage.

I don't expect lower tech machines like this one to be super accurate but the fact that it isn't even close is frustrating. How nice would it be if those numbers were required to be at least in the ballpark of what the average person could expect to burn? These displays are completely useless at best and hurting people's progress at worst.",sharing,pre-labelled by Codex; checked by Scott; source: https://www.reddit.com/r/workout/comments/1wvy5zp/i_wish_there_was_some_sort_of_accuracy/
"Anyone here using the NXTSTEP fitness app?

Has anyone here tried NXTSTEP for their gym workouts? Curious what you think of it and whether you actually find it useful for tracking and structuring your training.",discussion_prompt,pre-labelled by Codex; checked by Scott; source: https://www.reddit.com/r/workout/comments/1wvy56y/anyone_here_using_the_nxtstep_fitness_app/
How many exercises you think should be in one workout,discussion_prompt,pre-labelled by Codex; checked by Scott; source: https://www.reddit.com/r/workout/comments/1wvxid8/how_many_exercises_you_think_should_be_in_one/
"Trainer gave me a 8 week program

I am halfway through a 8 week program my trainer gave and I would like your feedback. I am trying to build my butt muscles as much as possible. I am also trying to strengthen my core. He has me doing doing ST three days a week and planks/birddogs and clamshells 3 days a week.
Day 1
Dumbbell row
Bicep curl and overhead press
Lying dumbbell chest press
Tricep kickback
Band wrist press out
Weighted hip thrusts
RDL
Reverse lunge
Band outward
Dead bug
Heal taps

Day 2
Dumbbell row
Regular bicep curls
Lying dumbbell chest press
YIT raises band wrist press outs
Step ups
Side lunges
Goblet squats
Band back
Dead bug
heal taps

Day 3 Dumbbell row
Bicep Curls and overhead press Lying dumbbell
Lateral raises
Tricep kickbacks or overhead extension
YIT raises
Weighted Hip Thrusts
RDL
Reverse lunge
Band outward and back",help_request,pre-labelled by Codex; checked by Scott; source: https://www.reddit.com/r/workout/comments/1wvwrus/trainer_gave_me_a_8_week_program/
"Are my leg day routines good?

I go barbell squats (3x6-8), RDLs (3x6-8), leg extensions and leg curls 3 sets of 10 on each, adductor for the same and then calves. That's leg day 1

Then leg day 2 I go hack squat 3x8-10, hip thrusts 3x8-10, leg extensions and leg curls, hip abductor and calves",help_request,pre-labelled by Codex; checked by Scott; source: https://www.reddit.com/r/workout/comments/1wvwq2p/are_my_leg_day_routines_good/
"I have no idea on how to build my workout routine.

Do you have any tips, ideas? I want to get planche but also get stronger and bigger chest muscle with. Bench and I want to get more reps of pull ups and starting to train wrists for arm wrestling",help_request,pre-labelled by Codex; checked by Scott; source: https://www.reddit.com/r/workout/comments/1wvwcv0/i_have_no_idea_on_how_to_build_my_workout_routine/
"Barely making progress in the gym after 5+ years of lifting

Started lifting in 2020, was pretty underweight at the time. 5'11 137lbs 20y/o.

Fast forward around 2 years I was now somewhere around 165lbs and my lifts had obviously gone up. I was eating more (which wasn't very hard considering how little i was eating before) and going to the gym 6x a week doing PPL.

Fast forward another 1.5 years, somewhere in mid-late 2023 I peak at 180lbs, but had gained a considerable amount of fat. My lifts weren't even crazy at this time either. Maybe i could bench 185, could squat 225, and could handle some pullups. I was also into dead lifting around this time and was able to deadlift 315. Nothing crazy.

This is where my progress stops. I decide I have put on too much fat and decide I want to cut down. Spend almost the next year trying to trim off some fat and get down to 155lbs. Lost muscle during this and my lifts went down as I was not eating properly again. I wasn't taking my macros super seriously and definitely wasn't getting enough protein most days.

Now we're at the beginning of 2025. I decide I'm going to start writing down all of my sets and reps which I wasn't doing before (I know, bad). At this time I also transitioned off of PPL to Upper/Lower as 6 days a week was becoming too much.

From early 2025 to now I have been tracking my workouts and doing an UL split 4x a week. I feel the progress I have made from then and now is horrible. I am currently around 165lbs and my lifts feel like they barely move. My routine is currently the following:
Upper 1 Lower 1 (Quad Focus) Upper 2 Lower 2 (Ham focus)    Incline Press Machine: 3 sets of 8-10 Barbell squat: 3 sets 8-10 Seated Press Machine: 3 sets 8-10 RDL: 3 sets 8-10   Lat Pull down: 3 sets of 8-10 Leg Extensions: 3 sets 8-10 Close grip lat pull down: 3 sets 8-10 Single Leg press: 3 sets 8-10   Pec deck: 3 sets of 8-12 Seated calf raise: 3 sets 8-12 Cable fly: 3 sets 8-12 Seated ham curl: 3 sets 8-10   Seated row machine: 3 sets of 8-10 Cable crunch: 3 sets 8-12 Chest supported row: 3 sets 8-12 Hanging leg raise 3 sets to failure   DB Lat raise: 3 sets 8-12 20 minute cardio session DB Lat raise: 3 sets 8-12 20 minute cardio session   Seated incline curl: 3 sets 8-12  Preacher curl: 3 sets 8-12    Triceps push down: 3 sets 8-12  Tricep extension: 3 sets 8-12
Maybe my leg days could be a little longer, but RDL's and Squats kind of gas me out. Im probably somewhere around 17-20% bodyfat at the moment. I'm now in a position where I want to gain size but hate the amount of fat im carrying. I don't really know what I should be doing.

I also have noticed that one of my shoulders feels much more rounded than the other. It makes pressing feel very uneven and lateral raises engage one shoulder much more than the other. I don't really know what to do about this. I am in a cycle where I try to progressively increase the weight on my pressing movements, but then after a few weeks I feel my form has gotten horrible so I drop the weight back down a bit and basically start over. It's frustrating.

Currently my numbers are looking like:

Pressing: ~180lbs, Pulldowns: ~120lbs, Squat: 155lbs, RDL: 105lbs, Seated row: 120lbs, Chest row: 70lbs, pec dec, 90lbs.

I just feel these numbers are nowhere near where they should be for the amount of time I've spent lifting. Any criticism is much appreciated.",help_request,pre-labelled by Codex; checked by Scott; source: https://www.reddit.com/r/workout/comments/1wvw7nt/barely_making_progress_in_the_gym_after_5_years/
"18m looking for a gym bro

I’m looking for a gym bro around my age someone who I can’t talk to about the gym
I want someone to help motivate me and I’ll do the same we can share advice and experience
My goals is to get more muscular and have a clear 6 pack
The reason I’m posting this here is because I go to a small gym and the only people I really see there are older people and my friends in school don’t talk about it a lot
I started the gym 3-4 years ago on and off last year I started adding in at home workouts to my routine and in September this year I have stayed consistent and I changed my workout routine to be more extreme. I go to the gym 3 times a week and workout at home 2 times a week
Is if you want to talk about the gym and stuff DM me",help_request,pre-labelled by Codex; checked by Scott; hard case; source: https://www.reddit.com/r/workout/comments/1wvw62e/18m_looking_for_a_gym_bro/
"Why do some people say ""oh I wanna workout but I'm afraid of getting bulky""?

Like.....do they think those big bulky ass bodybuilders got that way on accident? It's the equivalent of saying ""I want to workout but I don't wanna be a millionaire""",discussion_prompt,pre-labelled by Codex; checked by Scott; hard case; source: https://www.reddit.com/r/workout/comments/1wvw5x8/why_do_some_people_say_oh_i_wanna_workout_but_im/
"Reverse dieting: does gaining 200g over 10 days means I should stop increasing my calories?

I (35F 5'1) went from 50.5kg to 50.7kg, on a 1600kcal maintenance:

I workout 2 hours a day, and eat 100g protein minimum.",help_request,pre-labelled by Codex; checked by Scott; source: https://www.reddit.com/r/workout/comments/1wvw2j6/reverse_dieting_does_gaining_200g_over_10_days/
"Bulking up

Hi all! I 21F want to bulk up a bit. I’m roughly 120lbs around 5ft 9 in. I have a pretty fast metabolism and I also struggle with eating so it’s hard for me to put on any weight.

I currently work out pretty frequently but haven’t been seeing much change. Is there any way to maybe increase appetite and gains?? Much help would be appreciated!",help_request,pre-labelled by Codex; checked by Scott; source: https://www.reddit.com/r/workout/comments/1wvvrud/bulking_up/
"Looking for a power building program

Hey all I’m in the search for a power building program or similar. I have 3 weeks left of Bromleys power building program and have enjoyed it but the volume a couple weeks did get to me as the weight increased. 60 hours a week managing and working in a shop at almost 40 then 4 days in the gym fatigue is a real thing.

I am doing the free program and don’t mind paying $30-40 for something like juggernaut AI if it’s worth it. I enjoy sbd and working on it every week so that’s why I like the idea of power building over like a bro split but a good argument could change my mind.

I prefer something that has an app that I just input my weights and it guides me. I got the adhd pretty bad so if I have freedom to choose my work out and have enough pre workout in me I will waste a workout doing bull shit. I also don’t feel like I have enough knowledge and experience to build my own split.",help_request,pre-labelled by Codex; checked by Scott; source: https://www.reddit.com/r/workout/comments/1wvvmq9/looking_for_a_power_building_program/
"Can I hit lower lats with this machine?

Bilateral plate loaded pulldown  (https://imgur.com/a/dxyLahN)

Will I be able to hit lower lats with this machine? I have been doing half kneeling neutral grip lat pull downs for a while and I love them for my lower lats. I'm at a different gym until January so I decided to use equipment my other, much smaller gym, doesn't have.

I used the machine pictured above but I feel like I wasn't hitting lower lats.

The handles hand adjust horizontally and rotate 360 degrees. The seat can also slide forward or backward.",help_request,pre-labelled by Codex; checked by Scott; source: https://www.reddit.com/r/workout/comments/1wvvhqm/can_i_hit_lower_lats_with_this_machine/
"Thoughts on this 5 day split to get 3x frequency for arms, side and rear delts?

I have been training for 3+ years. I want to focus on my arms, shoulders and lats. Will this be a good routine for that? I am open to any suggestions.

All sets taken to 0-1 rir.

Pull + Hamstrings

\- Weighted Pullups(Close neutral grip)— 3 sets

\- Romanian Deadlift — 2 sets

\- Chest supported T-Bar Row — 3 sets

\- Facepull — 3 sets

\- Cable Abs Crunch — 3 sets

\- Leg Curl — 2 sets

\- Barbell Curl — 3 sets

Push + Quads

\- Dumbbell Incline Bench Press — 3 sets

\- Incline Lateral Raise — 4 sets

\- Dips(chest focused)— 2 sets

\- 1 Arm Overhead Triceps — 4 sets

\- Cable Wrist Curl — 3 sets Superset with Cable Wrist Extension — 3 sets

\- Single Leg Extension — 3 sets

\- Calf Raise — 3 sets

Rest day

Pull + Triceps

\- Lat Pulldown— 3 sets

\- 1 Arm Cable Row — 2 sets

\- 1 Arm Overhead Triceps — 4 sets

\- 1 Arm Rear Delt Fly — 3 sets

\- Machine Pullover — 2 sets

\- Incline Lateral Raise — 4 sets

\- Seated Incline Curl — 3 sets

Legs

\- Hack Squat — 3 sets

\- Leg Curl — 3 sets

\- Leg Press — 2 sets

\- Calf Raise — 5 sets

\- Hip Abduction — 2 sets

\- Hanging Leg Raise — 3 sets

Push + Biceps

\- Smith Incline Press — 2 sets

\- Smith Close Grip Incline Press — 3 sets

\- Pec Deck Fly — 2 sets

\- Reverse Pec Deck — 3 sets

\- Barbell Curl — 2 sets

\- Incline Lateral Raise — 3 sets

\- Rope Hammer Curl — 2 sets

Rest day",help_request,pre-labelled by Codex; checked by Scott; source: https://www.reddit.com/r/workout/comments/1wvv4r4/thoughts_on_this_5_day_split_to_get_3x_frequency/
"New Gym, no 2.5 lb. plates?

Changed gyms to follow my trainer. This is small gym with very good equipment, but I find it strange that they have no 2.5 lb. plates. I was set on 210 lbs. for my 2x10 deadlift; used my micro-plates, but very few folks lug these around. For beginners or oldsters (I'm 80) that 5 lb. barbell increment is handy when starting off with overhead press, barbell rows and such. Anyone else workout in a gym without these plates? As an aside there are no bumper plates for the one deadlift station",discussion_prompt,pre-labelled by Codex; checked by Scott; hard case; source: https://www.reddit.com/r/workout/comments/1wvua3o/new_gym_no_25_lb_plates/
"Gym Shoes Recommendations?

I’m trying to become more consistent with the gym now with an emphasis on cardio like long walks and running. But i found out that my only pair of comfortable shoes are only lifestyle/fashion shoes because they have a thin sole. (Tigers Mexico 66) all of my other shoes are uncomfortable or hurt my toes and are good for fashion only (I think, idk anything about shoes) but When i look up running shoes online they’re so expensive. Everyone is saying get Hokas but I can’t afford that. I know they’re good for your health in the long run but I literally can’t afford that, I would love a pair though. Everytime I go to goodwill and see a pair, they’re never in my size 🥲. The max I can afford right now is probably $60 but they’d have to be comfortable shoes that’ll last me a long time.",help_request,pre-labelled by Codex; checked by Scott; source: https://www.reddit.com/r/workout/comments/1wvty8k/gym_shoes_recommendations/
"M19 looking to actually start working out

Im 19 and a male, insecure about my own body cuz I’m skinny asl and see everyone else who has these model Greek bodies.

I tried going to the gym a couple months back but just gave up. Idk why tbh just a demotivating thought that led me to canceling my membership.

I want to actually do it this time and see results/progress within 6 months, it’s about to be the winter so I think it’s the perfect time to start for me then by next summer I’ll have a noticeable difference.

My main question is: what forces you to get up and get in the gym and actually make it your routine? maybe im lazy and it could be true but I just need to see progress from someone else like me to know it’s possible.",help_request,pre-labelled by Codex; checked by Scott; source: https://www.reddit.com/r/workout/comments/1wvtru3/m19_looking_to_actually_start_working_out/
Has anyone who has issues with sleeping found doing cardio in the morning to help them out?,discussion_prompt,pre-labelled by Codex; checked by Scott; hard case; source: https://www.reddit.com/r/workout/comments/1wvt3ed/has_anyone_who_has_issues_with_sleeping_found/
"Do i need a stricter diet for recomposition?

I eat 2200 calories per day and this is my weight since i started 2200:

13 sep - 67.95
14 sep - 68.50
16 sep - 67.80
17 sep - 67.45
20 sep - 68.60
22 sep - 68.15
23 sep - 68.10
24 sep - 67.85
25 sep - 67.75
26 sep - 67.40
27 sep - 67.95
29 sep - 68.35
2 oct - 68.25

Should i drop to 2100 calories per day?
Or should i check for one more week?

My goal is 12-14 bf%. Now i’m around 16-18%.",help_request,pre-labelled by Codex; checked by Scott; source: https://www.reddit.com/r/workout/comments/1wvsrwv/do_i_need_a_stricter_diet_for_recomposition/
"Do I need a break?

So context, I'm a 43 year old male, been weightlifting for about 6 years now, 3 days per week without fail. Lately I've been experiencing lower back issues that I can't seem to shake. I've also just taken up golf, which I'm sure isn't helping either 😔

I know I should take a break etc but the way my brain works is that if I take a couple weeks break I may never come back, which I really don't want as it's also a big thing for mental health etc.

Does anybody else struggle to take breaks from the gym?",help_request,pre-labelled by Codex; checked by Scott; source: https://www.reddit.com/r/workout/comments/1wvskn3/do_i_need_a_break/
"Beginner here — is this a good workout routine?

I’ve recently started working out and want to build a simple routine I can stick with consistently.

Right now I’m doing basic exercises like squats, push-ups, rows, and shoulder presses 3 days a week.

Is there anything important I should add or change for a balanced beginner routine?",help_request,pre-labelled by Codex; checked by Scott; source: https://www.reddit.com/r/workout/comments/1wvs2tr/beginner_here_is_this_a_good_workout_routine/
"Need workout routine assistance

So I'm f20 5'3 , weigh around 54- 56 kg.

And i have made 6 days a week routine targeting posture, thigh fat, gut health, overall strength, power building and fitness.

So on TTS I do yoga, routine is:

- 30 min meditation

- Sun salutations 8-10

- cat cow 1-2 mins

- cobra 30 sec/ 3

- locust 10 sec hold/3

- chin tucks 1 min/2 set

- wall angles 12-15/2

- Bird dog 8-10/2

- squats 15/2

- glute bridge 1 min/2

- reverse lunge 10/2

- plank 2 min / 2 set

- malasana 30 sec/2

- child pose 1 min

- leg up the walls 1 min

- knees to chest 3-5/3

- Savasana 2 min

And on Monday (legs) Wednesday (upper body) Friday (full body)

i consider lifting and other hardcore exercise for overall strength and power building because yoga does not build overall strength.

But I'm a bit confused about which excercise to add for overtime growing into other tough excercise. I've no one to guide, So i need some guidance. I really do.

Equipments i have are dumbbells of 3kg and 10 kg, pull up rod.

I suck at push ups, pull ups btw

If u can give me routine according to my goal, that'd be great too",help_request,pre-labelled by Codex; checked by Scott; source: https://www.reddit.com/r/workout/comments/1wvrjhj/need_workout_routine_assistance/
"Testostrone boost workout

Hello can anyone make me a home workout i can do who knows about gym science i can do from home? no weights",help_request,pre-labelled by Codex; checked by Scott; source: https://www.reddit.com/r/workout/comments/1wvrhz4/testostrone_boost_workout/
"Supersetting Isolation with Abds and or calves

Hey folks,

Lately I have been doing supersets of my shoulder isolation exercises like Frontal raise and Lateral raise with an abs exercise or a calves exercise. I always prefered these exercise in the higher rep range. Does it make sense if im trying to save some time in the gym6",help_request,pre-labelled by Codex; checked by Scott; source: https://www.reddit.com/r/workout/comments/1wvqjrh/supersetting_isolation_with_abds_and_or_calves/
"Advice on weight/fat loss goal. Should I be increasing my weight every week?

Hi i’m a beginner at the gym (ive been working out irregularly for like 2ish years from 2023-2025 but recently started going regularly from about 4-5 months ago). I am on Mounjaro so my main goal is fat/weight loss and some muscle gain but I know I need to focus on one thing at a time.

I had knee surgery for a dislocated knee (and many more issues with that knee) and so since then I’ve been on and off with strengthening my knee/muscles in that area.

I’ve seen on tiktok and some reddit posts that you need to be upping your weights every week or two weeks. I feel stuck because the weights I do right now:

Leg press 50kg

Leg extension 20kg

Lat pulldown 20kg

Rear delt fly 5kg (i know 😂)

Chest press 15kg

Multi hip machine 20kg

Tricep extension 7.5kg

feel super hard. I do 8-10 reps (depending on the exercise) and 3-4 sets.

Things like leg press and leg extension make my legs shake uncontrollably on the last 3-4 reps. Im scared to hurt myself by upping the weight when I feel unstable already on these weights but also want to be building muscle in these areas. And yes I have tried lowering the weight and it is too easy. I took some advice that if I am able to do 12+ reps I need to be upping the weight.

Regarding my goal, if I am mostly trying to lose weight and fat should I just stay on a comfortable weight since I feel like the advice that I should be increasing my weight regularly seem to be from people who have a goal of muscle gain.

I do finish my workouts with about 15-30 minutes of cardio (either elliptical or stairmaster) and recently have been trying to keep my heart rate in zone 2 as I heard it had some effect in fat loss.

Not sure if these are stupid questions but I just thought I would ask.",help_request,pre-labelled by Codex; checked by Scott; source: https://www.reddit.com/r/workout/comments/1wvpsff/advice_on_weightfat_loss_goal_should_i_be/
"Seeking advice on drive belt replacment for an old elliptical machine

Hello, hope this is an appropriate subreddit for this kind of question!

I got handed down an old elliptical machine that I really enjoy using (the specific model is not being produced/sold anymore), but the problem is that it has seen a lot of use and I only opened it up when I heard noises (my mistake, should have properly explored it upon receiving but it was my first exercise equipment of this kind) - and the rubber belt is about 1/4th of the width in some places, a complete breakdown likely coming soon.

First, let me immediately state that I already contacted the producer and the local distributor of the machine, and both just sent me to the other one. As this is an old hand-me down I did not expect warranty or anything, but clearly there was no option to even buy a replacement part.

So my questions are - what should I keep in mind when trying to buy a new belt (preferably online)? I tied a string around it (didn't want to take it off and risk more damage when putting back) and seems like the length is ~110cm.

Some of the ones I've looked up online are strange in the sense that they are not seamless (I guess they market as adjustable so you somehow connect them as needed?) and with strange padding where mine is just a rubber belt? They are called resistance belts and maybe not the same thing as a drive belt?

If I buy a more simple one that is the right length - are they fairly compatible between machines so the length is the only thing that matters (and what precision does it have to be - how much can the cogs which adjust tightness do)? As long as it's called a drive belt and is the right dimensions, would it work for an elliptical even if it's not listed as specifically make for one?",help_request,pre-labelled by Codex; checked by Scott; source: https://www.reddit.com/r/workout/comments/1wvposy/seeking_advice_on_drive_belt_replacment_for_an/
"Equipment similar to unilateral leg press and pendulum squat? Also trying to simplify my workouts

Took several months off from the gym, and I'm trying to get back into a routine. I trained with a personal trainer for about 2 years, but I'd like to start training on my own and gain the confidence to program my own workouts. After being off for several months, I feel like I've forgotten a lot of what I learned :/

I also recently relocated, and my old gym had a lot of newer equipment that the gyms around me don't seem to have. I'm trying to figure out good substitutes for some of the machines I used regularly:

-Pendulum squat
-Glute squat machine (I believe it was Glute Builder)
-Unilateral leg press (by Atlantis)
-Predator hip thrust

What exercises or machines would you substitute for these if your gym didn't have them? I'd like alternatives to the pendulum squat and unilateral leg press because I really liked those.

I'm also trying to simplify my workouts instead of overcomplicating things. My main goal right now is body recomp and rebuilding the muscle/strength I lost during my time off. Eventually I may go back into a bulk.

Before my break I was usually training 3–4x/week with an upper/lower split and keeping my workouts around 5–6 exercises. Some lower body exercises I've liked are

-Hip thrusts
-RDLs (barbell, sumo, deadlift, dumbbell)
-Step-ups (didn't really do these but read they're great for growth)
-Leg extensions
-Abductions
-Adductions

I'd like to keep things pretty simple this time around. If you could only choose 4-5 exercises each for an upper and lower day, what would you pick? I'd like a balanced program.",help_request,pre-labelled by Codex; checked by Scott; source: https://www.reddit.com/r/workout/comments/1wvpnjj/equipment_similar_to_unilateral_leg_press_and/
"Stronger back exercises

Physiotherapist told me that Im strong in the front of my body (chest) but that my back isnt proportional to that and is relatively weak. So lately Ive been doing my back, but I dont notice much progress.

I usually do 4 sets of 10–12 reps. I do exercises I found on youtube, mainly pull ups (I can do a maximum of 7-8x per set full range), australian rows (which are starting to feel pretty easy), chest supported rows on incline bench, dumbbell rows (I might not have 100% correct form with this exercise because I always wonder if Im in the right position with legs, body), and bent over rows (currently this movement causes discomfort in my arm so im pausing it).

With all of these exercises I mostly feel im working out my arms. If I cant continue, its because my arms are fatigued and cant handle the weight anymore... ?",help_request,pre-labelled by Codex; checked by Scott; source: https://www.reddit.com/r/workout/comments/1wvpjyr/stronger_back_exercises/
"Im struggling to grow my lower abs

My upper abs are visible, but my lower abs arent visible only inan ceirtain angle, I do leg raises but I see no prograss and ive been doing leg raises for months now and I do not eat alot of calories",help_request,pre-labelled by Codex; checked by Scott; hard case; source: https://www.reddit.com/r/workout/comments/1wvpeuv/im_struggling_to_grow_my_lower_abs/
"fat 16 year old kid prolly 78 kgs at 160 something cm desperately wants to start

im a fat 16 year old

i get told to workout alot and that i have potential or whatever

i try to find a workout routine or beginners guide to follow in the gym but none of it makes sense its all so overwhelming and confusing like what does that even mean like why cant they just tell me what to do and also how do they expect me to calorie count when i eat at the school cafeteria or my mom makes my food

everything is so overwhelming

where do i even begin?

i could ease into it but i wanna see results fast

and then everything i see online is confusing as shit and idk what to do so i just give up even starting",help_request,pre-labelled by Codex; checked by Scott; source: https://www.reddit.com/r/workout/comments/1wvoyo7/fat_16_year_old_kid_prolly_78_kgs_at_160/
"Swing shift gym routine

Hey guys, I need some advice. I'm working 50 hours a week on swing shift, and i need some tips on staying consistent in the gym. I tried 3 days a week but bumped it to 4, upper/lower twice a week. I get off work around 2:30am. Should I just switch to working out after my shift ends so I'm not sacrificing gains bc by the time I wake up I don't want to go to the gym.",help_request,pre-labelled by Codex; checked by Scott; source: https://www.reddit.com/r/workout/comments/1wvogh1/swing_shift_gym_routine/
"Stuck on Squat

Hi, My bodyweight is 225-235 lbs and my squat top set 405 lbs for 5 reps. But I have been stuck for years. When I squat for 3-5 sets and 5 reps, I get fatigued and without 6-7 days rest I can't squat that much again. What are your thoughts and advice?",help_request,pre-labelled by Codex; checked by Scott; source: https://www.reddit.com/r/workout/comments/1wvns6j/stuck_on_squat/
"Is this enough for upper body?

I do this twice a week,
2 upper body days and 2 lower body days

Will this be ok to build more muscle? Are the exercises ideal or should I change anything?

I’m a girl, just started working out for the past 2 months

I read that you have to hit the same muscle group twice a week or should I switch to push and pull day?

✅Lat pulldown (widest): 13.75kg x 14 x 12 x 11 x 8
✅Seated cable row: 10kg x 12 x 9 x 10 x 9
✅Bicep curl machine: 15kg x 11 x 8 x 8 x 7
✅Chest press machine: 12kg x 12 x 8 x 7 x7
✅Tricep pushdown: 6.25kg & extra weight x 8 x 8 x 9
6.25kg x 12
✅Face pulls: 12.5kg x 13 x 10 x 11 x 10
✅Lateral raise machine: 7.5kg x 9 x 6 x 6
5kg x 8
✅ single arm rear delt cable flies: 2.5kg x 12 x 9 x 8
✅Shoulder press dumbell: 6kg x 12 x 8 x 8 6",help_request,pre-labelled by Codex; checked by Scott; source: https://www.reddit.com/r/workout/comments/1wvnndz/is_this_enough_for_upper_body/
"How’s this UL routine

Would love to know people’s thoughts , I train 4 days a week and sometimes squeeze in a 5th. I’ve been on this since mid August and plan to keep going till end Oct when I’ll make some minor tweaks

I do get concerned am I hitting shoulders and chest enough but only have an hour or so in the gym so need to make it efficient. I’d like to remain on upper lower as I’m finding it much more enjoyable than things like ppl

UPPER A
4 × Incline Chest Press (Machine), Chest
4 × Iso-Lateral Row (Machine), Back
3 × Overhead Press (Barbell), Shoulders
3 × Lat Pulldown (Cable), Back
3 × Lateral Raise (Machine), Shoulders
2 × Seated Dip Machine, Arms
2 × Preacher Curl (Machine), Arms
LOWER A
4 × Squat (Machine), Legs
4 × Hip Thrust (Machine), Legs
3 × Seated Leg Curl (Machine), Legs
3 × Leg Extension (Machine), Legs
3 × Standing Calf Raise (Machine), Legs
2 × Back Extension, Back
2 × Side Plank, Core

UPPER B
4 × Seated Row (Machine), Back
3 × Incline Chest Press (Machine), Chest
3 × Lat Pulldown (Cable), Back
3 × Chest Fly, Chest
3 × Reverse Fly (Machine), Shoulders
3 × Hammer Curl (Dumbbell), Arms
3 × Skullcrusher (Dumbbell), Arms
LOWER B
4 × Squat (Machine), Legs
3 × Hip Thrust (Machine), Legs
3 × Hip Abductor (Machine), Legs
2 × Leg Press, Legs
3 × Seated Leg Curl (Machine), Legs
2 × Suitcase Carry, Back
2 × Dead Bug, None",help_request,pre-labelled by Codex; checked by Scott; source: https://www.reddit.com/r/workout/comments/1wvn85f/hows_this_ul_routine/
"tips for locking back in the gym?

So i’ve been having a really great time working out for the past year or so - i was really locked in, went to gym 4 times a week, got atleast 10l steps a day, sticked to my diet and managed to loose over 40 kgs while still getting some decent muscle. i think it was the first time in 5 years since i didn’t have to worry about my belly sticking out of all my clothes.

but in july i went to a college trip to korea and obviously i was like, well it might be my last time here so i want to enjoy myself. i wasn’t really worried since i was averaging 30k steps a day so despite eating quiet a lot i felt good. but ever since i got back i just can’t seem to get back into the gym, i went a few times but its really tiring all of the sudden and i can’t seem to stick to my meal plan again. I just feel like i got so lazy on that trip and it’s ruining my progress since i already gained 8 kgs since then.

Any tips to overcome that? i know motivation doesn’t come out from thin air but i’d love to get some advice.",help_request,pre-labelled by Codex; checked by Scott; source: https://www.reddit.com/r/workout/comments/1wvn1na/tips_for_locking_back_in_the_gym/
"Need your help rating + optimizing (if needed) my workout

Hey!

I'm 80kg, 12%BF. My goal is to eventually get to 10%BF, grow in muscle AND strength. While I'm seeing some muscle growth, it seems a little slow. I've done strict BW and strict weightlifting in the past. Now I've been doing a hybrid for the past 6 months.

Here's my split:

* Rest between exercises vary from 75sec-2min, depending on the exercise.

* The weight I wrote below is the current weight I'm using. I focus on progressive overload.

Day A

- ​Tuck Planche hold | 15-20sec

- HS hold | 3x25-30sec

- ​A1: W. Pull-Ups (27.5kg) | 3x6-8

- ​A2: Bulg. Split Squat (15kg each hand) | 2x8-12

- ​B1: Incl. Bench Press (25kg each hand) | 4x8-12

- ​B2: Rear Delt Fly (20kg) | 3x12-15

- Wall Assisted ​HSPU | 2x8

- Pseudo PPU (15kg) | 2x6-10

--

​Day B

- ​FL Raises (hold 2 sec at the top, 3 sec to lower) | 3x3-5

- A1: Hip Thrust (BB - 130kg) | 3x6-10

- A2: Chest Supported Incl. Rows (25kg each hand) | 3x6-10

- ​B1: W. Dips (37.5kg) | 3x5-8 (Deep range)

- B1: Lying Leg Curl (55kg) | 3x8-12

- C1: Seated Incl. Curl (17.5kg each hand) | 3x8-12

- C2: Lateral Raises (10kg each hand) | 3x12-20

- ​Dragon Flags | 3x8

\ Hip Thrusts and Lying Leg Curl are replacing DL for me since I couldn't find any solution to doing them without my hips hurting (good form, no medical problem, and still hurts past 80kg)*

--

Day C

- Scapular Pull-ups | 2x8-12

- ​Muscle-Ups: 4x3-5

- ​A1: W. Chin-Ups (27.5kg) | 3x6-8

- ​A2: W. Rev Nordics (25kg) | 3x8-12

- ​B1: W. Push-Ups (15kg) | 3x10-12

- B2: Standing Calf Raises (BB 106.5kg) | 2x8-15

- C1: Inverted Rows (25kg) | 3x8-12

- C2: Lateral Raises (10kg each hand) | 3x12-20

- ​Suitcase Carry (32.5kg) | 4x40 steps

--

* I workout 3 times a week (I can't go over 60 minutes). In my rest days I do a light 5-8km run.

* My cycle: I workout 8 weeks, 1 week of lighter workout, then workout 4 more weeks, and finally 1 week of complete rest.

TIA",help_request,pre-labelled by Codex; checked by Scott; source: https://www.reddit.com/r/workout/comments/1wvm9hc/need_your_help_rating_optimizing_if_needed_my/
"Juggling the gym and sports

Hi guys,

I wanted to ask your thoughts about how to have a good balance between the two. I recently picked up kickboxing and have been going about 4x a week, after about a week of this though I realize that I cant go to the gym and train as hard as I do 5x a week and also do 4x kickboxing classes. Now I ""cant"" go lower with kickboxing(trying to justify the cost lol) and have already dropped my abs day at the gym given the end of the classes already hit abs.

The issues now being that i cant really cut out upper or lower body especially since I enjoy hitting my muscle groups twice a week. I do 45 minutes of zone 2 cardio after my weightlifting. Im also a college student so I average atleast 8k steps a day(usually a lot higher tho).

Im wondering what I should adjust so I dont burn out or cause some injury. Maybe cut cardio down in the gym? Thats all I can really think but what are your thoughts?",help_request,pre-labelled by Codex; checked by Scott; source: https://www.reddit.com/r/workout/comments/1wvkd1x/juggling_the_gym_and_sports/
"Day two of my post-breakup exercise journey.

Hi! If you saw my last post, yesterday I committed to starting to exercise due to the fact that I just got dumped and that I get free gym access through my university.

So you don't need to go back and look at my last post, here are yesterday's results:

- 30 reps of 50lbs on the Chest Press

- 30 reps of 30lbs on the Biceps Curls

- 50 reps of 75lbs on the Leg Extension

- 100 reps of 100lbs on the Back Extension

- 50 reps of 100lbs on the Torso Rotation

- 20 reps of 150lbs on the Hip Abduction

- 30 reps of 75lbs on the Seated Leg Curls

Today's:

- 40 reps of 50lbs on the Chest Press (+10 reps)

- 30 reps of 30lbs on the Biceps Curls

- 60 reps of 75lbs on the Leg Extension (+10 reps)

- 100 reps of 125lbs on the Back Extension (+25lbs)

- 50 reps of 125lbs on the Torso Rotation (+25lbs)

- 30 reps of 175lbs on the Hip Abduction (+10 reps, +25lbs)

- 40 reps of 85lbs on the Seated Leg Curls (+10 reps, +10lbs)

- 30 reps of 75lbs on the Abdominal (new machine)

These are all Life Fitness machines so you know what I mean by the machine names.

I don't know how good my form is on any of these machines, but I'm feeling really good about the progress I'm making even after just two days. I'm feeling a good kind of sore. The advice I've gotten so far is that the program doesn't really matter at this point and what matters more is just consistency, and I think I'm doing a good job on that so far.

For additional information, I'm biking a few miles each day two and from class and (I think) I'm running a caloric deficit (not from any additional effort; my ADHD medicine cuts my appetite).

Any and all advice welcome! I'm very new to this whole exercise thing.",sharing,pre-labelled by Codex; checked by Scott; hard case; source: https://www.reddit.com/r/workout/comments/1wvje9j/day_two_of_my_postbreakup_exercise_journey/
"Lifting & bladder issues??

For context I am a woman and lift decently heavy at the gym about 4 times a week for the past 9 months. Nothing crazy, I don’t even PR or anything.

TMI but I’ve been noticing I am having trouble with my bladder in the past 4 ish months. Sometimes throughout the day it feels like I’m going to pee myself yet it doesn’t actually happen. I read somewhere this can be caused from heavy lifting or not properly breathing during lifting.

I wanted to know if anyone else, has experienced this and have you done anything to help it? Is it permanent?",discussion_prompt,pre-labelled by Codex; checked by Scott; source: https://www.reddit.com/r/workout/comments/1wviujt/lifting_bladder_issues/
I need to lose 30-40lbs withing 75 days . How do I do this?,help_request,pre-labelled by Codex; checked by Scott; source: https://www.reddit.com/r/workout/comments/1wvihvx/i_need_to_lose_3040lbs_withing_75_days_how_do_i/
"Opinion on my leg day exercises ?

Just wanted some advice on what I could change for a more effective leg day ? Everything except sissy squats since they fixed my crunchy knee

For reference I’m 6’3 290lbs

Seated Leg curl 340 3x10
Hack squat 415 3x7
Sissy squat 165 3x10
Rdl 275 3x8
Zercher squat 255 3x10
30 yard walking lunge x2",help_request,pre-labelled by Codex; checked by Scott; source: https://www.reddit.com/r/workout/comments/1wvi43h/opinion_on_my_leg_day_exercises/
"ret from kits4less?

is it legit?

also is it fine for me to take it, I am 18f 120lb 5'4",help_request,pre-labelled by Codex; checked by Scott; source: https://www.reddit.com/r/workout/comments/1wvhpob/ret_from_kits4less/
"Don't tell me to turn down my stuff, if the music is already blaring throughout the whole facility and you hear guys moaning from working out hard and somehow the noise from my phone is bothering you which is not even that loud, maybe you should put on some headphones dont tell me to out some on my",sharing,pre-labelled by Codex; checked by Scott; source: https://www.reddit.com/r/workout/comments/1wvhgip/dont_tell_me_to_turn_down_my_stuff_if_the_music/
"Religious comments in class??

I attend group fitness classes at my gym, mix of weightlifting and cardio, and there is one instructor (20s, M) that makes comments towards the beginning and end of class saying “Jesus loves you and so do I,” or something along those lines. He will say this multiple times and I just feel like this is not the place to be saying this? Is this typical from fitness instructions?",discussion_prompt,pre-labelled by Codex; checked by Scott; hard case; source: https://www.reddit.com/r/workout/comments/1wvh47p/religious_comments_in_class/
"Asking “how many sets left” when NOT on phone and taking 30 second to 1 mins breaks..

Had some fake gym bro hover over me RIGHT AFTER I finish my 3rd set out of 5 sets and keep in mind I have my AirPods in with music playing..soon as I put the weight up and begin to rest I feel someone to my right trying to get my attention. Keep in mind I can’t hear so I just say “ I’m still using the machine can’t you see I’m still using it” now I admit that came off brash, but keep in mind I have my headphones in and I JUST racked my previous set and was resting not even 10 seconds for my next set. After I said that dude doesn’t go away but keeps on so I take my headphone out got up and said what bro you see I’m still using the machine, he then says “I just wanted to know how many sets you have.” I said 2 more, powered through and moved to the military press right beside the incline where he was thirsting to get to..I then see other gym goers looking at me like a monster lol

Here’s some context, it was NOT peak hours but 8-9 AM..dude was on the bench press which I was on prior and he came right as I left to go incline, so now I’m 3 sets of 5 in and he’s asking for the bench..to me he just wanted to be a dic cause I’m lifting more than him despite his supplement taking look..I WAS NOT ON MY PHONE just began to take my regular 30sec to 1 min rest..

This more of a vent and also to see what’s everyone thought on asking someone “how many sets left” when they are not on the phone and obviously working..

Me personally, I’ve NEVER asked anyone that weird shit, gym is huge I’ll just go do something else while keeping my eye on the machine and once they are done I’m b lining over to get next lol if dude hogs it oh well I’ll just catch it tomorrow..",sharing,pre-labelled by Codex; checked by Scott; source: https://www.reddit.com/r/workout/comments/1wvgn8n/asking_how_many_sets_left_when_not_on_phone_and/
"Day FOUR DOMs?

Okay y'all. Female, 20s, 5'9"", and about 157-163

I have an extremely important event in mid-November. I am trying to cram in some ""noticable change"" in... and I know a lot of y'all are going to tell me that is not possible, but I have faith. Mostly, I really just need to lose about 10-12 lbs, and I have about 6.5 weeks.

So I am trying to lose about 1.5-2 lbs a week, plus some small amount of muscle growth/maintenance.

I am certainly eating ""enough""... about 1,800 calories (around 2,800 TDE) + creatine + 110g of protein MINIMUM a day.

I have been ""on and off"" active my whole life. A horseback rider, a dancer, then running for a bit; I even had a personal trainer for a while, so I have muscle memory. I am just trying to ""gain muscle back""

I did what I would consider a ""moderate"" legs session on MONDAY... in fact, I was wondering if it was TOO Light and I needed to go harder as I left.... and TODAY (FOUR days later) I am still wincing when lifting my leg into the tub, going up/down stairs, and getting out of bed.

I have had DOMS before... but never like this. I have had to take two rest days (there go my weekend rest days, FML) because of the pain. I upped my cals today + had a ""high protein cheat day"" to AB test if it is because my calories are too low.

I know it is not anything ""serious""; they feel like regular DOMS.... just... FOUR days?

Anyone have any tips or help?",help_request,pre-labelled by Codex; checked by Scott; source: https://www.reddit.com/r/workout/comments/1wvfpjs/day_four_doms/
"Honest opinion on EMS Training

Hi everyone. I started EMS Training for 3 sessions and I have a lot of questions about its health benefits.

Background: I'm 35F, mostly work from home, rarely workout

When I was teenager, I played a lot of sports and often got injured on my ankles, so swimming was my go-to exercise; but in recent years, I moved and have nowhere I can go swimming. I also live a pretty sedentary, unhealthy lifestyle.

EMS Training: A friend introduced me to EMS Training. I went for a free session and found it was low impact, and quite convenient. So I signed up for a short 2-month program.

Before we started, I got the inbody scan to see the before and after effect of the program - this is relevant later.

Yesterday, I had a session with a new trainer. He increased a lot of the electricity level on all parts of my body.

After about 10 minutes, I pulled my shoulder muscle and told the trainer, he told me to ""push through the pain.""

My left shoulder was uncontrollable at that point due to the electric shock and I couldn't do anything he asked, so he changed to different poses that used my legs or core body instead.

I kept telling him ""my shoulder really hurts. I pulled my muscle and the electric made it worse."" but he told me to keep going. Not once did he pause the session or lower the level.

After the session was finished, my shoulder was numb and the trainer told me it's because I was not flexible enough and that I should stretch more. I thought he was very perfunctory and seemed like he was just trying to finish his job without really caring about my injury. He just told me ""see you next week."" and left.

This is my first time working out with a personal trainer, so I wasn't sure if I'm overthinking.

I also got the inbody scan and found that after 3 session

- I lose about 3kg of body weight

- I lose muscles

- I gain more fat

The stats left me very confused because since I started the EMS training, I tried to be more active, going on walks and doing light exercises, and eat healthier (more protein, low carb) as well.

I tried to search around a bit and some said EMS training could actually make you lose muscles instead of building them. It also doesn't really help with losing fat.

So here's my questions:

- Why was the trainer insisting I kept going after I pulled a muscle? is it a requirement for the EMS to continue and you can't stop half-way?

- It's been a day and I'm mostly healed now, just some stiffness when raising the shoulder; but should I go back next week or take a week off to make sure it's all good first?

- Would I be the A-hole if I ask for a different trainer next time?

- What does EMS really help with? Does it really help with muscle building?

- Any other opinions on the EMS would be greatly appreciated",help_request,pre-labelled by Codex; checked by Scott; source: https://www.reddit.com/r/workout/comments/1wvfa7a/honest_opinion_on_ems_training/
"In ear or over ear headphones?

taking a poll on what y’all use and think is best. I have had in ear head phones for a while, from JBL to last generation air pods on sale that just gave on me after almost a year.

However, I lowkey hated every time I hit the 45 minute mark in my workouts I would really sweat and they would just fall out or the constant having to push them in and the headphones kept thinking I was pausing my music.

I see a lot of people on social media always wearing over the ear head phones, are these actual practical for working out? Do they not just slip off when you bend over? I guess every brand is different, I want to know what y’all use
Note - the in ear headphones have to be the squishy silicone tip ones, I hate the hard plastic tips. I also can’t afford to fork out $600 on the Apple headphones so be realistic please",discussion_prompt,pre-labelled by Codex; checked by Scott; source: https://www.reddit.com/r/workout/comments/1wveyei/in_ear_or_over_ear_headphones/
"Working out and fitness feels like so much as a beginner?

I wonder if anyone else felt that working out and fitness was so much at first?

As someone who is relatively new to working out (going to the gym for about four months now), it all feels like so much.

I try to get advice on how to get a body I want, but then theres always a million different answers. Some say an exercise is useless and some others say that same exercise is great.

Theres so much stuff about muscle groups, and nutrients, and so much stuff, I feel like Im wasting my time and losing my mind at the gym. Im going but I dont even feel like anything is truly changing.

They tell me to trust the process when I cant even comprehend what the process even is. Ive noticed some muscle growth, but its barely anything to what Ive seen others like me accomplish in four months.

I try my best to really understand everything, but when I think Ive found the best course of action, something tells me otherwise.

I understand it takes time, but at what point am I just wasting time? I still.dont even know whats optimal for me and the best I can do is lift about 10lbs more.",help_request,pre-labelled by Codex; checked by Scott; hard case; source: https://www.reddit.com/r/workout/comments/1wvey0b/working_out_and_fitness_feels_like_so_much_as_a/
"Abs advanced workouts

Anybody got abs workouts? Some advanced videos of 10min i can do after my session.
(im pretty muscular but i feel like got weak abs)",help_request,pre-labelled by Codex; checked by Scott; source: https://www.reddit.com/r/workout/comments/1wveue8/abs_advanced_workouts/
"How do i know I am lean enough to lean bulk

I am 6 feet and dropped down to 140 pounds but I have still a decent amount of fat. Feels like I need to drop to like 8 to 10 pounds but don't know if I dropping too low.

I have dropped like 15 pounds and haven't lost any muscle. Actually gotten stronger a bit. I am going to go like 8 pounds down and by then I should be there right? I can see abs when I flex, suck in a little bit and in good lighting.

I am gonna try to drop down 8 -10 pounds and if by then I am still not lean enough do I just keep going",help_request,pre-labelled by Codex; checked by Scott; source: https://www.reddit.com/r/workout/comments/1wveq9e/how_do_i_know_i_am_lean_enough_to_lean_bulk/
I weigh 135 at 5'7 I can do weighted dips with 92.5 pounds for 5 reps is that good,discussion_prompt,pre-labelled by Codex; checked by Scott; source: https://www.reddit.com/r/workout/comments/1wveb2a/i_weigh_135_at_57_i_can_do_weighted_dips_with_925/
"Been working out over a decade, no motivation.

I've been working out since roughly 2014 (since I only fucked around all 2013), and even though I never really stopped, I wasn't the guy that went 4-5 times a week consistently all those years. I've also had different surgeries, and those were the only times I had to stop going for a weeks.

I built a decent phyisique, though I don't look like an Instagram dude (not that I care). But these last few years just going to the gym feels like a battle, like I basically just go to not fall behind. When I see these newer people go consistently and progress far faster, it kind of annoys me because I don't have that spark or drive I used to. I used to tell myself I worked out to get girls, but then I stopped caring about that too so now I don't feel any real drive.",sharing,pre-labelled by Codex; checked by Scott; hard case; source: https://www.reddit.com/r/workout/comments/1wve8ma/been_working_out_over_a_decade_no_motivation/
"Gym nutrition problem question?

Hey everyone, I've always found it hard to balance my budget with hitting my macros, general nutrition, and food that tastes good. Has anyone had this problem any what way did you fix it? I want to save money and have control over my macros but I don't want to eat chicken and rice all day

EDIT: I know about tuna, ground beef, sauces, etc. My point is I don't want to just be eating slop bowls with slight variations daily in what goes in my slop bowl",help_request,pre-labelled by Codex; checked by Scott; source: https://www.reddit.com/r/workout/comments/1wvd96m/gym_nutrition_problem_question/
"To those who work 12+ hours

And still get after it in the gym AFTER work.

You’re savages, your discipline is admired. Keep going.

I struggle SO hard to do it after a long day working construction. If I can’t get it done in the morning. It’s a 50/50 chance I can muster up the energy after work. I average 70hrs/week.

Enough of my crying, just wanted to say I admire yall who do it consistently.",sharing,pre-labelled by Codex; checked by Scott; source: https://www.reddit.com/r/workout/comments/1wvcz2f/to_those_who_work_12_hours/
"What exercise would you delete forever if it didn’t work so well?

You know the one.

You hate doing it, dread when it comes up in your workout, and probably complain about it every time.

But you keep it in because it actually works for you.
What exercise is it?",discussion_prompt,pre-labelled by Codex; checked by Scott; source: https://www.reddit.com/r/workout/comments/1wvcxkl/what_exercise_would_you_delete_forever_if_it/
"New to the gym, how do I structure an U/L split?

I’ve been going since mid august and been running a basic PPL split. The only problem with that for me is that I struggle with consistency and that routine has me in the gym 6 days a week for 50m-1h. I saw that a basic U/L split usually only has people in the gym for 4 days a week, but i’m unsure if it’s optimal for beginners/how to properly structure my routine with volume/intensity.

I had my first day today where I kind of just winged it for upper. This was what I did: It took me 1h24m, usually resting 2-3 minutes between sets

Chest Press 3x8-10
Dumbbell Incline Press 3x10
Bicep Curl/Drag Curl 3x8
Preacher Curl 2x8-10
Wrist Curl 2x10
Tricep Pressdown 3x10-12
Tricep Rope Pushdown 3x10
Seated Row 3x10
Lat Pulldown 2x10
Shoulder Press 2x8

I noticed by the end of my workout I was already more noticeably fatigued for the back half of the tricep workouts, and unable to go for as many as usual by the time I got to shoulders. I don’t think i’m doing it correctly, so i’m hoping someone can point me in the right direction. I’m not lifting any lighter than I was on PPL in the latter half of my workout if it changes anything. Would the exercises I named be too much or too little if i’m hitting both U/L 2x a week respectively?",help_request,pre-labelled by Codex; checked by Scott; source: https://www.reddit.com/r/workout/comments/1wvcvki/new_to_the_gym_how_do_i_structure_an_ul_split/
"Do I do the leg curls right?

I always feel them above the knee only and not the the hamstring and I'm a beginner

I don't know what I do wrong",help_request,pre-labelled by Codex; checked by Scott; source: https://www.reddit.com/r/workout/comments/1wvcref/do_i_do_the_leg_curls_right/
"When do you think I'll start seeing visible muscle definition?

For reference, I started boxing two years ago and was pretty consistent with it. Right now, I started college so I started lifting three weeks ago. I lift 5 days a week with two upper body, two lower body, and one core and cardio day. I am challenging myself, but I don't look like I lift at all. I am 18F, 5'4 and 110 Ibs. I just want to look like I actually go to the gym... wondering how to achieve that look.",help_request,pre-labelled by Codex; checked by Scott; source: https://www.reddit.com/r/workout/comments/1wvbqyt/when_do_you_think_ill_start_seeing_visible_muscle/
"Need some advice on Circuit Training

I am a begginner. Is it a bad idea to make circuit training specifically on one body part or does a circuit training always have exercice from lower, upper and core body on the same circuit ?

Here my workout routine. Is it bad or is it okay?

Monday and Thursday: Upper Body (core a little with Sheathing ) 3 set

Push-ups 10 rep dumbell curl 5 rep Sheathing 30 sec dumbell lateral raise 8 rep Bent Over Dumbbell Row 8 rep

Tuesday and Friday Lower Body (core a little with Sheathing ) 3 set

romanian deadlift 10 rep forward and reverse lunge 5 rep hip trust 10 rep side lying hip abduction 10 rep each leg Squat 10 rep Sheathing 30 sec",help_request,pre-labelled by Codex; checked by Scott; source: https://www.reddit.com/r/workout/comments/1wvbe1r/need_some_advice_on_circuit_training/
"Low Volume Full Body

I don't enjoy spending a lot of time in the gym, so currently I'm doing a split thats about an hour long. It's full body 2x a day, 2 seats per lift and getting about 4 sets per muscle a week. I lift to failure (until I can't get a single rep out) for most of my lifts, and on compound lifts I usually go 1 RIR.

Is this sufficient for hypertrophy? I don't wanna look like Niall Darwen or something (I know he's on gear just a joke!) I just want a relatively decent physique.",help_request,pre-labelled by Codex; checked by Scott; source: https://www.reddit.com/r/workout/comments/1wvauww/low_volume_full_body/
"What are we doing with our gym bags at home?

Basically the title. I'm trying to organize my home a bit more these days, and the throwing the gym bags by the door just isn't working anymore. Any recommendations for simple storage that still looks somewhat nice? Doesn't have to be the most aesthetically pleasing thing, but something better than just a plastic storage container.

I think the problem is I don't have a ton of space. The front door area is squat and already taken up by the shoe rack, so the bags need to go somewhere else.

Edit: thanks everyone! Consensus seems to be either keep it in the car or use a shoe rack/cubby style furniture near the door.",discussion_prompt,pre-labelled by Codex; checked by Scott; replacement for non-English post; source: https://www.reddit.com/r/workout/comments/1wuwpzp/what_are_we_doing_with_our_gym_bags_at_home/
"Need help putting 3 day Gym Split together

I want to do an Upper /Lower/ Full Body split but I can’t seem to find one that targets every muscle 2 times a week. If someone can give me a workout plan for this split I would really appreciate it🙏.",help_request,pre-labelled by Codex; checked by Scott; source: https://www.reddit.com/r/workout/comments/1wv9ybs/need_help_putting_3_day_gym_split_together/
"How much cardio do you do per week?

View Poll (https://www.reddit.com/poll/1wv9tbz)",discussion_prompt,pre-labelled by Codex; checked by Scott; source: https://www.reddit.com/r/workout/comments/1wv9tbz/how_much_cardio_do_you_do_per_week/
"Uneven lower abs, pls help ;_;

I've been working out for a couple of months (no weights) as a slighlty more lean male. After a while I started seeing my lower abs develop more. However, I noticed that my right lower ab is more developed than my left. Is there any specific workout I can do to single out the bottom left muscle so I can help it catch up to where my right bottom ab is? FYI I have chronic heat urticaria (hives triggered by body heat) so I can't do any workouts that exhaust easily. If anyone can help Plz lemme know, thx!",help_request,pre-labelled by Codex; checked by Scott; source: https://www.reddit.com/r/workout/comments/1wv9mk4/uneven_lower_abs_pls_help/
"Is this a good 4 day split?

Upper Body A (Monday)

Barbell Bench Press — 2 sets x 6–10 reps

Lat Pulldown — 2 sets x 8–12 reps

Dumbbell Shoulder Press — 2 sets x 8–12 reps

Seated Cable Row — 2 sets x 10–12 reps

Tricep Pulldown — 2 sets x 10–15 reps

Dumbbell Curls — 2 sets x 10–12 reps

Lower Body A (Tuesday)

Machine Back Squat — 2 sets x 8–10 reps

Dumbbell RDL — 2 sets x 8–12 reps

Leg Extensions — 2 sets x 10–15 reps

Leg Curls — 2 sets x 10–15 reps

Standing Calf Raises — 2 sets x 12–15 reps

Upper Body B (Thursday)

Incline Dumbbell Bench Press — 2 sets x 8–12 reps

Incline Chest Supported Row — 2 sets x 10–12 reps

Lateral Raises — 2 sets x 12–15 reps

Rear Delt Flyes — 2 sets x 12–15 reps

Dumbbell Tricep Extensions — 2 sets x 10–15 reps

Hammer Curls — 2 sets x 10–12 reps

Lower Body B (Friday)

Bulgarian Split Squats — 2 sets x 8–12 reps

Leg Curls — 2 sets x 10–15 reps

Leg Extensions — 2 sets x 10–15 reps

Standing Calf Raises — 2 sets x 12–15 reps

Hanging Leg Raises / Core — 2 sets x 12–15 reps

View Poll (https://www.reddit.com/poll/1wv9h71)",help_request,pre-labelled by Codex; checked by Scott; source: https://www.reddit.com/r/workout/comments/1wv9h71/is_this_a_good_4_day_split/
"Exercises that made your upper arms wider?

Having trouble filling out my frame. I’m curling good weight but my arms still look lanky from the front or back.",discussion_prompt,pre-labelled by Codex; checked by Scott; source: https://www.reddit.com/r/workout/comments/1wv962n/exercises_that_made_your_upper_arms_wider/
"App?

I’m looking for an easy app to log my weight training routine and progress . What do you use?",discussion_prompt,pre-labelled by Codex; checked by Scott; source: https://www.reddit.com/r/workout/comments/1wv8adv/app/
"Body Recomp Success

Had my first body scan in about four months. Have gained 5 lbs, but I dropped 10 lbs of fat. First time in my life the scan says I have more muscle than fat. Body fat percentage still too high at 22, though some of that is from excess skin since I’ve lost 160 lbs. My goal right now is just to keep doing what I’m doing. Eating roughly at maintenance, lifting 3-5 days a week, cardio on off days. Maybe get that body fat % down to 15 in 6 months. All of the numbers seem to be trending in the right direction.

I might try a harder cut once my strength numbers are where I want them, but this is a long game for me so I’m not too pressed.",sharing,pre-labelled by Codex; checked by Scott; source: https://www.reddit.com/r/workout/comments/1wv85yp/body_recomp_success/
"should i do pull-ups and chin ups in same session?

I workout in home and i guess i have intermediate power in pullups. +15 kg for some reps. I also want extra biceps growth so i wonder should i do 3 sets of pull ups without chinups or 2 set pullups 2 set chin ups. Adding chin ups will ruin my pullup development?

Also as i know hitting from different angles is better for general muscle growth for back. But still my first goal is achieve +50 kg on pullups.",help_request,pre-labelled by Codex; checked by Scott; source: https://www.reddit.com/r/workout/comments/1wv7w7u/should_i_do_pullups_and_chin_ups_in_same_session/
"How should I incorporate calisthenics into my gym program?

Hey everyone, I’ve recently been wanting to get more into calisthenics and I’m trying to figure out how to properly fit it into my current training.
I’ve been going to the gym for around 3 years. I’ve also already been incorporating some calisthenics movements into my workouts and I do boxing as well. My current program is a pretty basic PPL. I used to do upper/lower, but I’ve switched things around quite a bit over time and PPL is what I’m doing at the moment.

I usually do 2 sets to failure, sometimes 3 if there’s a muscle I specifically want to improve.

Push:
Bench press
Incline dumbbell press
Dips (I really like them)
Shoulder press
Cable lateral raises
Triceps pushdowns

Pull:
Pull-ups
T-bar rows
Bayesian curls
Lat pullover
Dumbbell bicep curls
Cable hammer curls
Rear delt fly
Abs: cable crunches, leg raises, Russian twists

Legs:
Leg curls
Leg extensions
Some kind of squat variation
Bulgarian split squats
Romanian deadlifts
Calf raises if I have time

I know some exercises in my program are already useful for calisthenics, especially pull-ups and dips, but I’d also like to start working towards actual calisthenics skills, such as muscle-ups, handstands, front lever, etc.

The thing I’m not sure about is how I should structure the skill training around my current program.
Some options I’ve thought about:
Doing calisthenics skill work before my gym workouts
Doing two workouts in one day with around 8 hours between them
Having a separate calisthenics day alongside my regular weightlifting
Or maybe just adding a few skills to certain days of my current program
What would you guys recommend?
I’d like to improve at calisthenics without completely sacrificing my progress in the gym or recovery. I’m also not sure how much skill work I should be doing per session.
I know my current program isn’t 100% perfect, but it works for me and I enjoy it, so I don’t really want to completely change it. I’m definitely open to suggestions for exercises or small changes that could make it work better with calisthenicsb, though.
Any advice would be appreciated!",help_request,pre-labelled by Codex; checked by Scott; source: https://www.reddit.com/r/workout/comments/1wv72ks/how_should_i_incorporate_calisthenics_into_my_gym/
"Anyone Familiar with VASA Fitness Linked Memberships?

Me and my girlfriend are looking at signing up at VASA for thier 25$ a month plan. I see online that one person can have a membership and then link someone else to that membership. Has anyone done this and know if it provides a substantial discount?

They also have a referral program where you can send someone a link to start thier membership and you get a small credit. Also wondering if anyone knows what that credit is.

If the linked membership does not provide much if any of a discount we will probably just get separate ones and save a few bucks from the referral code.",help_request,pre-labelled by Codex; checked by Scott; source: https://www.reddit.com/r/workout/comments/1wv6pkk/anyone_familiar_with_vasa_fitness_linked/
"Can I expect to make any strength gains on a cut?

I’ve started my cut again for the second time today. (Didn’t lose enough weight for the results I want last cut, apparently).

I’m so sick and godamn fucking tired of not being fully happy with myself and my progress. Call me whatever you want, say I have made progress and that I am big, whatever, but it’s not good enough, simply put, and I’m tired of this godamn plateau, (because if this isn’t a plateau then idk what is).

I spoke with a coach who was kind enough to offer some free advice, and I’m trying to put all that aside and get into a good headspace, and lock in and actually get what I freaking want by the end of winter at least.

So, strength is important to me alongside the looks, however, I hear a million different conflicting opinions about strength progression during a cut.

Some people say your strength is gonna stall the whole time, and to just maintain, others insist you can make process and if you’re stalling or losing strength, you’re doing something wrong.

I do have a good amount of excess bodyfat… I googled it and it said as long as you’re getting rest, hitting optimal macros and so on, it’s possible to make strength gains because the body will draw from the fat stores, and that the stalling only applies to people with less bodyfat.

I’d love some advice on this, please. Because if I was really running off misinformation like everyone insisted before? I’d like to have the actual real freaking information, because it’s a goddamn bummer when you stall.

Thanks in advance!",help_request,pre-labelled by Codex; checked by Scott; source: https://www.reddit.com/r/workout/comments/1wv6i3e/can_i_expect_to_make_any_strength_gains_on_a_cut/
"Is there any advantage to hitting the same muscle back-to-back in a workout?

Say my workout looks like this:

Chest exercise #1

Chest #2

Chest #3

Triceps #1

Biceps #1

If I change that to:

Chest #1

Triceps #1

Chest #2

Biceps #1

Chest #3

I can pump out more reps during my chest #2 and chest #3 sets because my chest isn't being hammered three exercises in a row and gets a little rest while I'm doing triceps and biceps. Is there any advantage to hammering chest or any other muscle group with successive exercises like in example 1 or is the increased volume I get from example 2 better?",discussion_prompt,pre-labelled by Codex; checked by Scott; hard case; source: https://www.reddit.com/r/workout/comments/1wv6bam/is_there_any_advantage_to_hitting_the_same_muscle/
"Is my eating optimal?

Context. I’m a 5”0 female, around 106 pounds. I lift heavy 4 times a week and walk 10k steps a day. My goal is to gain muscle while losing fat cause after loosing weight I’m trying to crawl out of the dreaded skinny fat stage.

I’m pretty sure my routine is good, but I’m unsure about my eating. I eat 1200-1400 cals a day and 70-100g of protein.

I eat pretty healthy. I know I should probably eat more if I wanna see more muscle growth, but I’m worried about gaining fat in the process which I absolutely don’t wanna do

An estimate of what I burn in a day would be helpful too! I’ve done calculators but I’ve gotten anywhere from 1,800 to 1,300",help_request,pre-labelled by Codex; checked by Scott; source: https://www.reddit.com/r/workout/comments/1wv67bc/is_my_eating_optimal/
"Why do people say there's no such thing as this or that?

I mean there are things that have been there for generations but in the last 10 years or so young people say stuff like ""no such thing.""

No such thing as toning- when I have clearly seen hundreds of men and women who have great muscle definition.

Can't spot reduce fat- but I did it myself by isolating and developing a muscle which then helped burn surrounding fat.

Can't turn fat to muscle- again something I clearly did for myself as there was a period of time I had some issues and became fat through takeout and heavy drinking.

After I stopped the drinking I was able to slowly start again by first walking and then doing barbell squats and bench and rows. I used the fat as an advantage to lift heavy and changed my diet and added in an hour cardio per day.

Now I am by no means as good as the people online but I have built visible muscle over 3 years.

So I don't mean to rant but I just get annoyed when people sit on their backside and discredit your hard work by saying you can't do this or that or it isn't real.

EDIT: one more.

So an ectomorph was someone with a fast metabolism. People who can eat whatever and still look lean.

Endomorph was someone who put on weight more easily

But Gen Z debunked that as well.

No such thing.",discussion_prompt,pre-labelled by Codex; checked by Scott; replacement for near-duplicate of row 173; source: https://www.reddit.com/r/workout/comments/1wuwg1n/why_do_people_say_theres_no_such_thing_as_this_or/
"Help with full body workout routine

I switched to doing a full body routine early this year and I really like it. I've been making solid gains. I've been doing a modified version of this routine (https://builtwithscience.com/wp-content/uploads/2025/01/Full-body-workout-plan-1024x576.webp) to fit my goals. My main goals are to hit 185 lbs on my flat bench and to increase my arm size. I'd like to do this while not neglecting the rest of my body, but I don't prioritize back and legs as much. Are there any tweaks you'd suggested to my program? I'm a 37 year old man and I currently weigh 155 lbs.

Here it is:

Workout A

- Incline Barbell Bench x 3

- Barbell Squat x 3

- Pull Up x 3

- Triceps Pushdown x 3

- Hammer Curl x 3

- Seated Leg Curl x 2

Workout B

- Barbell Bench Press x 3

- Preacher Curl x 3

- Leg Press x 2

- Lat Pulldown x 2

- Lateral Raise x 3

- Leg Extension x 2

Workout C

- Incline Dumbbell Bench Press x 3

- Barbell Bicep Curl x 3

- Romanian Deadlift x 3

- Overhead Press x 3

- Seated Row x 3

- Triceps Extension x 3

- Reverse Fly x 2",help_request,pre-labelled by Codex; checked by Scott; source: https://www.reddit.com/r/workout/comments/1wv5rcg/help_with_full_body_workout_routine/
"Workout review and tips 🥸

Hello guys,
im a 18 year old boy who is interested into making progress. I have a bit of experience, what I mean is that I went for like 4 months with my friend who knew about this stuff but now I can't go with him and I had a long pause.
I am 18
66kg
170 cm
Not fat not too skinny but a bit skinny.
I asked around and researched and would like to present my possible workout. My goal is to have a better physique, v taper and muscles 🥸.

If you have any reliable apps, websites or sources that I can look into to learn more I would be very happy.

Any help would be appreciated

I thought about using the pyramid technique.

Upper A:Chest Focus

Bench Press – 3 × 6–10

Incline Chest Press Machine – 3 × 8–12

Assisted Chest Dips – 2 × 8–12

Seated Row – 2 × 8–12

Shoulder Press Machine – 2 × 8–12

Triceps Pushdown – 2 × 10–15

Lower

Leg Press – 3 × 8–12

Leg Curl – 3 × 10–15

Leg Extension – 2 × 10–15

Hack Squat – 2 × 8–12

Calf Raise – 3 × 12–20

Abdominal Crunch Machine – 3 × 10–15

Upper B

Assisted Pull-Ups – 3 × 6–10

Lat Pulldown – 3 × 8–12

Seated Row – 3 × 8–12

Reverse Fly Machine – 2 × 12–15

Lateral Raise – 2 × 12–15

Biceps Curl Machine – 2 × 10–15",help_request,pre-labelled by Codex; checked by Scott; source: https://www.reddit.com/r/workout/comments/1wv5k0y/workout_review_and_tips/
"17m 175cm 62kg and completely new to the gym. where do i even start

so i finally decided to start going to the gym but i have absolutely no idea what im doing

im 17 years old. im 175cm and 62kg. ive never been to a gym before and my goal is to build an aesthetic physique. i want to stay relatively lean while building noticeable muscle and having good proportions.

i can go to the gym 4 days a week

sunday

monday

wednesday

thursday

these are the equipment available at my gym

- yoga mat

- treadmill

- stationary bike

- smith machine

- seated calf raise machine

- boxing bag

- dumbbells

- weight plates

- barbell

- weight bench

- preacher curl machine

- leg press machine

- cable crossover machine

- leg curl machine

- leg extension machine

- pec deck machine

- lat pulldown machine

- power squat machine

- iso lateral chest press and lat pulldown combo machine

- chest supported row machine

- plate loaded lat pulldown machine

the problem is that i have no idea how to turn all of this into an actual workout plan

i want something beginner friendly where i can walk into the gym and know exactly what im supposed to do that day instead of randomly trying machines and hoping im doing things correctly

ideally i would like a 4 day routine that tells me what exercises to do each day along with sets reps rest time and how to choose the starting weight

i would also really appreciate having an alternative exercise or machine for every exercise in case the equipment is occupied

i also need some guidance on how to progress over time and what i should know about form warmups recovery and nutrition

im not trying to become huge or look like a bodybuilder. i just want to build a lean aesthetic physique and do things properly from the beginning",help_request,pre-labelled by Codex; checked by Scott; source: https://www.reddit.com/r/workout/comments/1wv550w/17m_175cm_62kg_and_completely_new_to_the_gym/
"Selling Burns Gym membership

I have Burns gym membership in Zirakpur for 3 months.I have to relocate to Bangalore.Anyone would like to buy?",sharing,pre-labelled by Codex; checked by Scott; hard case; source: https://www.reddit.com/r/workout/comments/1wv50gh/selling_burns_gym_membership/
"Do my lats work?

How does one activate their lats. I swear I never feel them being used nor have I ever had sore lats after a work out. I usually do pull ups and lat pull down for them but it always feels like its just my arms working even though I heavily emphasize driving down with my elbows rather than pulling with my arms but still nothing. Tips? Tricks? Prayers?",help_request,pre-labelled by Codex; checked by Scott; source: https://www.reddit.com/r/workout/comments/1wv4w47/do_my_lats_work/
"Built up questions after 1 month of consistently working out

As the title states, I’ve built up a list of simple questions that I’ve been curious about; whether any changes here would be notable (my primary goal is building strength and muscle, I’m healthy but way too thin). I’ve been lurking here for about 6 weeks and felt this is the time to try asking:

-
I (un)fortunately have the available time in my schedule atm to work out 6 days a week, which I’ve been doing for 3 of the 4 past weeks (PPL/PPL/rest). As a beginner (or even “professionals”) should I continue this, or adjust to a 5 (or less) day routine?

-
Due to circumstances, I’ve noticed changing the order from PPL to LPP benefits my machine availability (can’t always go to same gym each day), is it okay to have changed the order, as long as it’s consistent?

-
I typically do 3 sets of an exercise, with 6 exercises total. I do 6-12 reps, increasing weight once I can hit 12 reps on all 3 sets. Is this a bad method? Should I adjust this to less reps, sets, exercises, etc. ?

-
Given my number of sets/reps/exercises, what is a general time range for rest between sets? This I’ve struggled with finding an answer for and have been toying around with, but can’t seem to find a sweet spot.

-
I routinely consume between 110-130g of protein, as well as take 5g creatine daily. I weight ~145lbs. Should this range be maintained or adjusted?

-
I have 1 main routine for each PPL day (aka 3 routines total), each being duplicated with 1-2 adjustments (ie. Replacing an exercise or two). Is this enough, or should I find more variety? I like trying new exercises but also like seeing my progress change each session. Please feel free to drop some routines of your own so I can change things up if you feel it’s necessary!!

-
I really enjoy the gym at night; I go around 19:30/7:30pm routinely. Is that alright? Or is noticeably better to do early morning sessions? That said, on gym days I start my day with a 3.5 mile walk/run (3 miles walk, finish with .5 mile run).

Sorry for so many questions, I have more but these are my primary ones— Any and all feedback would be really helpful, whether it’s answer 1 or all 7.",help_request,pre-labelled by Codex; checked by Scott; source: https://www.reddit.com/r/workout/comments/1wv3w7w/built_up_questions_after_1_month_of_consistently/
"How to make bicep curls more difficult?

I have around 7kg dumbells but now it feels lighternand somehow harder to go till failure. How can i make curld harder?",discussion_prompt,pre-labelled by Codex; checked by Scott; source: https://www.reddit.com/r/workout/comments/1wv3l0s/how_to_make_bicep_curls_more_difficult/
"What is the best thing for effective muscle growth?

Did 3× full body workout per week. Lost motivation and went into dividing the week shema into leg/arm/back/Chest and schouders. Tried aiming for 8hr sleep. 1 day recovery between every muscle group. First was tracking calories then I decided to step in habits. Eating as much proteines as possible. What can I do better? Give me a good week shema and a good advice.",help_request,pre-labelled by Codex; checked by Scott; source: https://www.reddit.com/r/workout/comments/1wv3cw4/what_is_the_best_thing_for_effective_muscle_growth/
"Workout plan 4x a week

I just came back to the gym and want to train 4x a week. Been doing some research and made this program. Is this enough sets per week or should I up it? I want to maximize my progress as much as possible, but nothing too crazy. All tips and tricks are welcome

PUSH
Incline DB press — 3 × 6–10
Flat machine press — 2 × 8–12
Pec fly — 2 × 10–15
Machine shoulder press — 2 × 8–12
Lateral raise — 3 × 10–15
Triceps pushdown — 2 × 8–15
Overhead triceps extension — 2 × 10–15

PULL
Rear delt pullback — 2 × 10–15
T-bar row — 3 × 6–10
Lat pulldown — 3 × 8–12
Low row machine — 2 × 8–12
Shrugs — 2 × 10–15
Cable curl — 2 × 8–15
Hammer curl — 2 × 10–15

LEGS
Leg press — 3 × 8–12
Leg extension — 3 × 10–15
Leg curl — 3 × 10–15
Calf raise — 3 × 10–15
Abductor — 2 × 12–20

FULL BODY
Leg press — 3 × 8–12
Leg curl — 3 × 10–15
Horizontal press — 2 × 8–12
Row variation — 2 × 8–12
Lateral raise — 2 × 10–15
Biceps curl — 2 × 8–15
Triceps — 2 × 8–15
Calf — 3 × 10–15",help_request,pre-labelled by Codex; checked by Scott; source: https://www.reddit.com/r/workout/comments/1wv2qau/workout_plan_4x_a_week/
"I built a fast, free workout tracker because I got tired of bloated gym apps — would love your honest feedback

Hi everyone! I’ve been hitting the gym for over a year now, and as you know, I decided to try out progressive overload training. At first, I used the Notes app on my iPhone to track it.

It worked fine for me, but I wanted something a bit fancier. When I checked the App Store, I saw that all the apps offering this feature required a monthly or—of course—annual subscription. So, being a software developer, I decided to build my own gym app and share it with you all for free.

The app is minimalist and very easy to use; it includes a calorie calculator and lets you track your progress in the gym. Right now, it’s a web-based app, so to get the full experience, you should add it to your iPhone's home screen.

If you are interested, let me know so I can offer it to you.",sharing,pre-labelled by Codex; checked by Scott; hard case; source: https://www.reddit.com/r/workout/comments/1wv2n4h/i_built_a_fast_free_workout_tracker_because_i_got/
"Help!

Hi! I’m a 29 yo 120lb(f) that has chronic anorexia so I’m not always the best at eating. I really want to get into working out, but I don’t know what to do or where to start or if it’s even worth to try if I can’t get the proper nutrition consistently. I’d love to try something tho. Can anyone help me put a plan together? Hope this is ok to post!",help_request,pre-labelled by Codex; checked by Scott; source: https://www.reddit.com/r/workout/comments/1wv2lv5/help/
"In winter it becomes lazy, how to deal with it

When it gets cold, I train less. In the summer I'm pissed that I missed a day, and in the winter I don't train for 4 days in a row. I want to get over it.",help_request,pre-labelled by Codex; checked by Scott; source: https://www.reddit.com/r/workout/comments/1wv2kgn/in_winter_it_becomes_lazy_how_to_deal_with_it/
"Review my routine pls

Hello everyone. I want to build solid plan with mix of basic dumbbells/bars exercises (lower/upper split) + running sessions. Can you check it?

Monday: Upper Body A (45 min)

• Warm-up (5 min): Joint Rotations + Push-ups (1x10–12)

• Superset 1 (3 rounds, Rest 30–45s in set / 60–90s after set):

• 1A. Pull-ups — 3 × 8–12 reps

• 1B. Parallel Bar Dips — 3 × 10–15 reps

• Superset 2 (3 rounds, Rest 30–45s in set / 60–90s after set):

• 2A. Bent-Over Dumbbell Rows — 3 × 10–12 reps

• 2B. Overhead Dumbbell Press — 3 × 10–12 reps

• Superset 3 (3 rounds, Rest 30–45s in set / 60–90s after set):

• 3A. Dumbbell Lateral Raises — 3 × 12–15 reps

• 3B. Dumbbell Bicep Curls + Overhead Triceps Extension Combo — 3 × 10–12 reps

• Cool-down (5 min): Static Stretching

Tuesday: Lower Body A (45 min)

• Warm-up (5 min): Joint Rotations + Leg Swings + Bodyweight Squats

• Superset 1 (3 rounds, Rest 30–45s in set / 60–90s after set):

• 1A. Dumbbell Goblet Squats — 3 × 10–12 reps

• 1B. Dumbbell Romanian Deadlifts (RDL) — 3 × 10–12 reps

• Superset 2 (3 rounds, Rest 30–45s in set / 60–90s after set):

• 2A. Dumbbell Reverse Lunges — 3 × 10–12 reps / leg

• 2B. Single-Leg Dumbbell RDL (or Standing Calf Raises) — 3 × 10–12 reps / leg

• Superset 3 (3 rounds, Rest 30–45s in set / 60–90s after set):

• 3A. Dumbbell Hip Thrusts / Glute Bridges — 3 × 12–15 reps

• 3B. Dumbbell Farmer’s Carry — 3 × 45–60 sec

• Cool-down (5 min): Static Stretching

Wednesday: Rest Day

• Active recovery, 10,000 steps walk, light stretching.

Thursday: Easy / Interval Run (30–40 min)

• 5 min warm-up

• 25–30 min tempo or interval run

• 5 min cool-down & stretch

Friday: Upper Body B (45 min)

• Warm-up (5 min): Joint Rotations + Dynamic Stretch

• Superset 1 (3 rounds, Rest 30–45s in set / 60–90s after set):

• 1A. Chin-ups — 3 × 8–12 reps

• 1B. Parallel Bar Dips — 3 × 10–15 reps

• Superset 2 (3 rounds, Rest 30–45s in set / 60–90s after set):

• 2A. Single-Arm Dumbbell Row — 3 × 10–12 reps / arm

• 2B. Seated / Standing Dumbbell Shoulder Press — 3 × 10–12 reps

• Superset 3 (3 rounds, Rest 30–45s in set / 60–90s after set):

• 3A. Dumbbell Lateral Raises — 3 × 12–15 reps

• 3B. Dumbbell Hammer Curls + Dumbbell Kickbacks — 3 × 10–12 reps

• Cool-down (5 min): Static Stretching

Saturday: Lower Body B (45 min)

• Warm-up (5 min): Mobility + Bodyweight Glute Bridges

• Superset 1 (3 rounds, Rest 30–45s in set / 60–90s after set):

• 1A. Bulgarian Split Squats — 3 × 10–12 reps / leg

• 1B. Dumbbell Romanian Deadlifts (RDL) — 3 × 10–12 reps

• Superset 2 (3 rounds, Rest 30–45s in set / 60–90s after set):

• 2A. Dumbbell Sumo Squats — 3 × 10–12 reps

• 2B. Dumbbell Calf Raises — 3 × 15–20 reps

• Superset 3 (3 rounds, Rest 30–45s in set / 60–90s after set):

• 3A. Dumbbell Hip Thrusts — 3 × 12–15 reps

• 3B. Hanging Leg Raises / Dumbbell Plank Row — 3 × 10–12 reps / 45 sec

• Cool-down (5 min): Static Stretching

Sunday: Long Easy Run (45–60 min)

• Conversational pace run (Zone 2).",help_request,pre-labelled by Codex; checked by Scott; source: https://www.reddit.com/r/workout/comments/1wv0nse/review_my_routine_pls/
"Are overhead presses necessary if I do incline and flat bench press? I have a sensitive disc (lower back)

I love OHPs but they stress me out so bad, especially after diagnosis. My sciatica has gotten much better over the summer and I’ve transitioned to movements like the belt squat instead of the barbell squat. But the OHP feels like the only exercise I have that stresses me out right now.

Health comes first obviously but I don’t wanna feel like im leaving too many gains on the table. My goal is hypertrophy. Would lateral raises and rear delt flies be enough?

Edit for clarification: im talking about seated overhead in this case. They still stress me out. As for my physio, he told me anything is okay except for barbell squats. I can no longer get ahold of him and my insurance no longer takes physiotherapy so I’m currently lacking the ability to ask him.",help_request,pre-labelled by Codex; checked by Scott; source: https://www.reddit.com/r/workout/comments/1wv014d/are_overhead_presses_necessary_if_i_do_incline/
"Apple Watch Resting Energy suddenly dropped 200–300 calories/day — anyone had this happen?

My Apple Watch/Apple Health Resting Energy has suddenly dropped significantly over the last two days and I’m trying to figure out if something is wrong with my Watch/Health data.

My resting energy has historically been very consistent at around 1,543/day (my yearly/monthly data is pretty stable).

Then suddenly:
Sept 29: 1,321 resting calories
Sept 30: 1,238 resting calories

Nothing about my activity dropped. If anything, Sept 29 was a very active day…I lifted at the gym, was out and on my feet for hours, and my Watch recorded 821 active calories. The next day I was home more but still walked on my treadmill/walking pad for over an hour and my active was 576.

I know Active Energy and Resting Energy are separate, so I’m not expecting the exercise itself to increase Resting Energy. What seems strange is the sudden ~200–300 calorie drop in the resting estimate after it has been so consistent for years…

I’ve worn my Watch normally and haven’t intentionally changed anything that I can think of.

Has anyone had Resting Energy suddenly start undercounting like this? Did you find a Health setting/data source, weight/profile setting, Watch sync issue, or something else causing it? Did the numbers eventually correct themselves?",discussion_prompt,pre-labelled by Codex; checked by Scott; source: https://www.reddit.com/r/workout/comments/1wuzofb/apple_watch_resting_energy_suddenly_dropped/
"Incline smith not progressing

So i am now bulking for over a month after cutting fod 6 months losing 25 kg. And i can say the bulk is going really good and i am stronger then ever. Except for incline smith. I have improved only 2 reps in the last 3 weeks. All my other lifts i do way more reps with higher weight. Anyone have any tips for me? Thanks!",help_request,pre-labelled by Codex; checked by Scott; source: https://www.reddit.com/r/workout/comments/1wuzlg5/incline_smith_not_progressing/
"I’m clueless

I’m 23M I weigh 200 Ibs I’m 5’8 I used to workout a bit in highschool but just with my friends a bit I don’t really know what I’m doing and I’d like to get in better shape I have access to a small gym at my apartment but I really don’t know where to start or how or any of that. Can yall help me out a bit",help_request,pre-labelled by Codex; checked by Scott; source: https://www.reddit.com/r/workout/comments/1wuzfth/im_clueless/
"[16M / 59.5kg / 5'4""] Should I hit all muscle angles in one session or rotate them across the week?

I just want to start by saying I am 16 years old, 59.5kg and 5'4/5'5, skinny fat, and I've done home workouts and quit multiple times. I am at most a NOVICE and a DUMMY at this sort of thing, so I'm sorry (plus it's embarrassing asking for help for this sort of thing lmao). This particular period this year, I want to take it seriously. I mean not to be sort of a too-big-a-dreamer or anything, but I want a very lean and toned body (or a V-Taper). I make do with one pair of 10lbs dumbbells (I know, VERY weak considering I still struggle).

My main question is: Since I'm trying to do a push-pull-leg/core type of schedule, is it better to separate some workouts from one muscle group, or just do all exercises for that exact muscle group for the day? For example, my first push day I can do workouts targetting my upper and lower pecs. Then, a few days after on my second push day, I would do a workout for middle pecs. Is that sequence better than hitting all 3 chest muscles in the same push day?

PS: That question may sound totally bogus to some people, I don't know, but I'm willing to be an idiot so that I can learn. And if there are any tips/advice out there for you to spare, or even a workout plan for beginners fit for my situation, I'd appreciate it although I have my own that I made from researching.",help_request,pre-labelled by Codex; checked by Scott; source: https://www.reddit.com/r/workout/comments/1wuzbdw/16m_595kg_54_should_i_hit_all_muscle_angles_in/
"is FBEOD 1 set per muscle really enough for muscle growth?

Exercises in no particular order I do
1 chest 1 pulldown 1 row 1 shrug 1 shoulder press 1 lateral raise 1 rear delt fly 1 tricep 1 bicep 1 quad 1 hamstring 2 calf (my focus) 1 abs and i have a separate forearm workout that doesn’t affect my gym performance.
All sets are to muscular failure or 1 RIR. i can only spend around an hour maybe an hour and a half due to other responsibilities but i want to fully commit my training to hypertrophy and muscle growth, is this really enough or do i have to find a way to hit each muscle mentioned twice in a workout?",help_request,pre-labelled by Codex; checked by Scott; source: https://www.reddit.com/r/workout/comments/1wuz7ej/is_fbeod_1_set_per_muscle_really_enough_for/
"Cramps when doing ab exercises

Hello!

As the title suggests I get horrible ab cramping when i do ab exercises at the end of some of my workouts. The cramp is usually on the lower right section of my abs. I am fairly jacked and by no means new to the gym but this issue is having me banging my head on the wall. Today I did chest, 40 mins after the workout when I was home I said ""alright lets do some planks and shit while my pan is heating"". Boom, second plank set i get lower ab cramping. I have no clue what is going on. My only thought is maybe my abs are weak because, as a proper gymrat, I never really emphasized them. Now im trying to work them out twice a week and i know that by the end of the ab exercises if I dare to crunch my upper body I'll start acting like im having pregnancy aches. Also for the recond i have never cramped on any other muscle.

Any thoughts?",help_request,pre-labelled by Codex; checked by Scott; source: https://www.reddit.com/r/workout/comments/1wuz4ur/cramps_when_doing_ab_exercises/
"Golfers & Tennis Elbow HELPP

Last year in September I had ACL, MCL & Meniscus repair.

stopped playing soccer completely whilst rehabbing this injury and started doing a mix of calisthenics and bodybuilder upper body workouts.

February this year I developed golfers elbow in my left arm. I’ve been trying to rehab this through physiotherapy and prescribed exercises. Which I haven’t had any luck…

In the last 2 weeks I’ve developed both tennis and golfers elbow in my right arm and I honestly have no clue how this happened.

It’s to a point where let’s say my back is itchy and I try push into the skin to itch it I get the pain in my forearms.

I’ve tried Mark Ripptoe’s protocol (20 sets of 5 chin ups), eccentric and concentric exercises, bands, flex bars… you name it. I even tried stopping pull-ups and no luck….

Mind you I used to be able to get 20 clean pull-ups and I never train with straps, highly doubt it is weak forearms…

Need any advice I can get, I’m someone who needs to be either playing soccer or in the gym. To be not able to gym properly because of this whilst also not being able to return to soccer is mentally draining. Honesty id rather do my acl/mcl reconstruction surgery again than deal with this shitty elbow injuries…

Any advice would be greatly appreciated",help_request,pre-labelled by Codex; checked by Scott; source: https://www.reddit.com/r/workout/comments/1wuyng2/golfers_tennis_elbow_helpp/
"What actually helped you stay consistent?

I’ve noticed that motivation isn’t always there, so relying on it doesn’t really work.

For me, having a simple routine and just making sure I show up has helped a lot. Progress feels much easier when you stop trying to make every workout perfect.

What helped you stay consistent with the gym long-term?",discussion_prompt,pre-labelled by Codex; checked by Scott; source: https://www.reddit.com/r/workout/comments/1wuxy59/what_actually_helped_you_stay_consistent/
"What has helped you stay consistent with your workouts?

I’ve realized that motivation comes and goes, but having a simple routine makes it much easier to stay consistent.

For me, focusing on showing up and gradually improving my workouts has been more useful than trying to follow a perfect plan.

I’m curious what has worked for everyone else here. Do you focus more on a fixed routine, progressive overload, tracking your workouts, or simply making it a habit?

Would be interested to hear what actually made the biggest difference for you.",discussion_prompt,pre-labelled by Codex; checked by Scott; source: https://www.reddit.com/r/workout/comments/1wuxxmm/what_has_helped_you_stay_consistent_with_your/
"Working out is demoralising man, it feels pointless.

I’ve been hitting the gym consistently for 6-8 weeks now and nothing has changed in my body. Everyday day either my back, biceps, chest, legs and more (or all at the time) is stretched and bloody aches throughout the day and night while I sleep. And yet I see no visible changes in my body, I don’t feel stronger, I don’t feel better. I guess the only thing I learnt is discipline but it’s done nothing for me so far as I haven’t gotten the body I wanted yet.

I’m still gonna keep going to the gym consistently and see if there is a pot of gold at the end of the rainbow but it’s demoralising man. And my body aches every day like there is all this pain but I don’t see the gain.",sharing,pre-labelled by Codex; checked by Scott; hard case; source: https://www.reddit.com/r/workout/comments/1wux5d5/working_out_is_demoralising_man_it_feels_pointless/
"Some advice needed

I'm 35 years old, 188cm tall and 181 pounds.

Mostly skinny with some belly fat. Have been regularly going to the gym for the last month (4 sessions per week) and get in 10k steps everyday.

However, I am seriously questioning my diet now.

I consume around 2500-2600 calories with around 160-170gms of protein.

Should I increase my calories to go the traditional bulk route or should I decrease my calories for a lean bulk method route?",help_request,pre-labelled by Codex; checked by Scott; source: https://www.reddit.com/r/workout/comments/1wuwzbk/some_advice_needed/
"Recovering from Salmonella

I got salmonella poisoning, I would not wish it on that dude that ignored my towel and unpacked my squat bar when I went to the bathroom. Any tips on minimizing weight loss when you get taken down with a stomach illness? This is not the first time for me and each time I destroy 2 months worth of gains. Any tips appreciated",help_request,pre-labelled by Codex; checked by Scott; source: https://www.reddit.com/r/workout/comments/1wuwxuz/recovering_from_salmonella/
